date,portfolio_value,daily_return,cumulative_return
2021-01-01,1000000.0,0.0,0.0
2021-01-04,997184.1910641938,-0.0028158089358060858,-0.0028158089358060858
2021-01-05,1010118.0608338362,0.012970391915097752,0.010154582979291667
2021-01-06,1016108.4228089387,0.005930358249566974,0.016084941228858642
2021-01-07,1029426.4920656761,0.013106937171055839,0.02919187839991448
2021-01-08,1030874.5847300508,0.0014066984632081921,0.030598576863122673
2021-01-11,1033530.3965133993,0.002576270501463483,0.03317484736458615
2021-01-12,1040489.4302727027,0.006733264723301357,0.03990811208788751
2021-01-13,1040541.2609869974,4.981378261673206e-05,0.03995792587050424
2021-01-14,1041368.5193037578,0.0007950269227919495,0.040752952793296195
2021-01-15,1025788.2117899312,-0.014961377480705203,0.025791575312590992
2021-01-18,1025614.0179519859,-0.00016981462249532342,0.02562176069009567
2021-01-19,1030084.1549897743,0.004358498381988528,0.029980259072084195
2021-01-20,1036140.9526358901,0.005879905653122077,0.03586016472520627
2021-01-21,1035290.1168867006,-0.0008211583057546733,0.035039006419451596
2021-01-22,1034463.5790655641,-0.0007983634805884298,0.03424064293886317
2021-01-25,1032376.285459078,-0.0020177545625835224,0.032222888376279644
2021-01-26,1031826.5081724667,-0.0005325357569279472,0.0316903526193517
2021-01-27,1010532.6869026856,-0.020637017077120717,0.011053335542230983
2021-01-28,1018277.0705030739,0.007663664620414148,0.01871700016264513
2021-01-29,998993.5666930558,-0.01893738390916643,-0.00022038374652130072
2021-02-01,1009289.719062145,0.01030652519932864,0.01008614145280734
2021-02-02,1019113.6994007534,0.009733558316374145,0.019819699769181486
2021-02-03,1021950.5469972942,0.0027836419019867872,0.022603341671168273
2021-02-04,1030461.8084686692,0.008328447493259623,0.030931789164427896
2021-02-05,1035231.4963123924,0.0046286895880316824,0.03556047875245958
2021-02-08,1048594.0509448205,0.01290779374471013,0.04846827249716971
2021-02-09,1046613.5350975936,-0.0018887345826942067,0.0465795379144755
2021-02-10,1050268.7676184657,0.003492437655635056,0.050071975570110554
2021-02-11,1049088.778539531,-0.0011235115384896906,0.04894846403162086
2021-02-12,1050649.1181698814,0.0014873284914196337,0.05043579252304049
2021-02-15,1050490.7812372472,-0.00015070391236804426,0.05028508861067245
2021-02-16,1053327.062798074,0.0026999585446017384,0.05298504715527419
2021-02-17,1055187.5634333408,0.0017663085863610507,0.05475135574163524
2021-02-18,1044058.1360088835,-0.010547345145203075,0.04420401059643217
2021-02-19,1044664.3493212598,0.0005806317593517417,0.04478464235578391
2021-02-22,1043223.1781325103,-0.0013795542938608372,0.04340508806192307
2021-02-23,1041046.5982061523,-0.0020863991253091754,0.0413186889366139
2021-02-24,1051576.3267090435,0.010114560213764903,0.0514332491503788
2021-02-25,1036141.7979976248,-0.014677516333713673,0.036755732816665124
2021-02-26,1024633.9414234251,-0.011106449519205789,0.025649283297459337
2021-03-01,1046631.8063327221,0.021468998849225502,0.04711828214668484
2021-03-02,1039868.3460616146,-0.006462119945318575,0.04065616220136627
2021-03-03,1032999.1554248983,-0.0066058272306610665,0.0340503349707052
2021-03-04,1024502.5891115331,-0.008225143523830197,0.025825191446875
2021-03-05,1037685.8540668152,0.012867966460401848,0.03869315790727685
2021-03-08,1033330.8584976725,-0.004196834284745263,0.034496323622531584
2021-03-09,1042708.736105913,0.009075387162902047,0.043571710785433634
2021-03-10,1056502.2351800103,0.013228525470698973,0.056800236256132605
2021-03-11,1058540.1401757956,0.0019289168805573438,0.05872915313668995
2021-03-12,1061357.3577257528,0.0026614177800467717,0.06139057091673672
2021-03-15,1064178.6744169628,0.0026582156053974937,0.06404878652213421
2021-03-16,1060555.2575873246,-0.003404895171032433,0.06064389135110178
2021-03-17,1062347.6392507283,0.0016900408070026187,0.0623339321581044
2021-03-18,1046300.1680058006,-0.015105668476136494,0.047228263681967905
2021-03-19,1043036.8289700098,-0.003118931961953723,0.04410933172001418
2021-03-22,1045855.117318907,0.0027020027199618542,0.04681133443997604
2021-03-23,1039069.2142937069,-0.006488377704357426,0.040322956735618615
2021-03-24,1040040.5473251387,0.0009348107114231362,0.04125776744704175
2021-03-25,1041686.783842831,0.0015828580163784888,0.04284062546342024
2021-03-26,1052862.2980793417,0.010728286477134282,0.05356891194055452
2021-03-29,1051956.3409671655,-0.0008604706558766584,0.05270844128467786
2021-03-30,1047322.332839749,-0.0044051335088259366,0.04830330777585192
2021-03-31,1046272.1477412118,-0.0010027334141626495,0.047300574361689274
2021-04-01,1053400.3723681085,0.006812973701236177,0.054113548062925454
2021-04-02,1053143.1680236654,-0.0002441657998133451,0.05386938226311211
2021-04-05,1057687.8043572349,0.004315307236050327,0.05818468949916244
2021-04-06,1058067.681448822,0.00035915805214183874,0.058543847551304276
2021-04-07,1061343.6697571524,0.0030961991995112205,0.0616400467508155
2021-04-08,1065815.955842448,0.004213796353370447,0.06585384310418595
2021-04-09,1068532.612154233,0.002548898144086981,0.06840274124827293
2021-04-12,1068509.4310425294,-2.1694341791644357e-05,0.0683810469064813
2021-04-13,1072097.5355447987,0.0033580466377059587,0.07173909354418725
2021-04-14,1071703.0856415671,-0.00036792352389012294,0.07137117002029714
2021-04-15,1083157.984156956,0.010688500078854756,0.0820596700991519
2021-04-16,1086149.321326625,0.0027616813183511525,0.08482135141750305
2021-04-19,1084820.0759971587,-0.0012238145376206177,0.08359753687988243
2021-04-20,1080787.59963938,-0.003717184487088512,0.07988035239279392
2021-04-21,1089653.1215268434,0.00820283457214127,0.0880831869649352
2021-04-22,1077638.7139278261,-0.01102590114382687,0.07705728582110832
2021-04-23,1084530.94328919,0.006395677208220051,0.08345296302932838
2021-04-26,1082323.470626584,-0.002035416948004341,0.08141754608132404
2021-04-27,1081318.8138906886,-0.0009282407368600165,0.08048930534446402
2021-04-28,1082138.1613753971,0.0007577297964144424,0.08124703514087847
2021-04-29,1085319.075746738,0.002939471580318237,0.08418650672119671
2021-04-30,1075931.3471632616,-0.008649740701385106,0.0755367660198116
2021-05-03,1085352.1059207064,0.008755910665009544,0.08429267668482114
2021-05-04,1082311.1732552003,-0.0028017936749903482,0.08149088300983079
2021-05-05,1091360.4535623589,0.008361070762987248,0.08985195377281804
2021-05-06,1099154.3533763543,0.007141453392923559,0.0969934071657416
2021-05-07,1107747.5067983284,0.007817967872826834,0.10481137503856844
2021-05-10,1102632.9568620264,-0.0046170719454691886,0.10019430309309925
2021-05-11,1089851.5830275186,-0.0115916849346515,0.08860261815844775
2021-05-12,1076325.4606408046,-0.01241097650116686,0.07619164165728089
2021-05-13,1086614.5560140766,0.0095594648175899,0.08575110647487079
2021-05-14,1102602.034938762,0.014713109479529475,0.10046421595440026
2021-05-17,1104585.068324354,0.0017985032883621544,0.10226271924276242
2021-05-18,1095908.6918835354,-0.007854873915669318,0.0944078453270931
2021-05-19,1087580.1860966666,-0.007599634758398123,0.08680821056869498
2021-05-20,1094816.6417845448,0.006653721519008058,0.09346193208770304
2021-05-21,1097705.6031952824,0.002638762784997865,0.0961006948727009
2021-05-24,1106580.998172297,0.008085405550613416,0.10418610042331432
2021-05-25,1102182.2454900555,-0.003975084236496597,0.10021101618681771
2021-05-26,1102769.1730293545,0.0005325140571812853,0.100743530243999
2021-05-27,1102003.9372133622,-0.0006939220234914386,0.10004960822050755
2021-05-28,1105302.3706869339,0.0029931231297706026,0.10304273135027815
2021-05-31,1105047.457244698,-0.00023062778927851468,0.10281210356099964
2021-06-01,1107767.6395705456,0.0024615977422636115,0.10527370130326325
2021-06-02,1113687.450555366,0.005343910377374275,0.11061761168063752
2021-06-03,1113087.2613865507,-0.0005389206536501493,0.11007869102698738
2021-06-04,1124298.7454805926,0.010072421527918679,0.12015111255490606
2021-06-07,1120523.9979662423,-0.0033574239316052417,0.11679368862330082
2021-06-08,1118636.461739172,-0.0016845120947842115,0.11510917652851661
2021-06-09,1120935.100305874,0.0020548575389079944,0.11716403406742461
2021-06-10,1122284.1131646798,0.0012034709756505576,0.11836750504307517
2021-06-11,1118676.8331926945,-0.003214230629901172,0.115153274413174
2021-06-14,1115404.04320541,-0.0029255902063724526,0.11222768420680154
2021-06-15,1112902.000267341,-0.002243171838322067,0.10998451236847948
2021-06-16,1106901.4508579369,-0.005391803957547575,0.1045927084109319
2021-06-17,1098710.8027131804,-0.007399618221123493,0.09719309018980841
2021-06-18,1079675.9409854307,-0.01732472428663166,0.07986836590317675
2021-06-21,1095666.0551573779,0.014810105111125037,0.0946784710143018
2021-06-22,1100775.693502686,0.004663499723530486,0.09934197073783228
2021-06-23,1100425.0669991232,-0.00031852674948436673,0.09902344398834792
2021-06-24,1107471.9889384827,0.006403818079659482,0.1054272620680074
2021-06-25,1107310.892013721,-0.0001454636563008167,0.10528179841170658
2021-06-28,1110251.795494808,0.0026558968238256427,0.10793769523553222
2021-06-29,1110748.5070072594,0.0004473863626853912,0.10838508159821761
2021-06-30,1118979.4526699588,0.00741026939111219,0.1157953509893298
2021-07-01,1120985.2752714697,0.001792546410682487,0.1175878974000123
2021-07-02,1127937.421777601,0.006201817864599102,0.1237897152646114
2021-07-05,1127726.58232434,-0.0001869247789727524,0.12360279048563864
2021-07-06,1120394.6468674599,-0.0065015186941576346,0.11710127179148101
2021-07-07,1120448.2708153648,4.786166022364795e-05,0.11714913345170466
2021-07-08,1111761.1535295537,-0.007753251544124682,0.10939588190757998
2021-07-09,1125146.3917386264,0.012039670721159775,0.12143555262873976
2021-07-12,1129332.3787088133,0.0037203931869865935,0.12515594581572634
2021-07-13,1125689.6732620467,-0.003225538836433207,0.12193040697929314
2021-07-14,1125677.5385155058,-1.0779832869573479e-05,0.12191962714642357
2021-07-15,1120945.494468297,-0.004203729651965126,0.11771589749445845
2021-07-16,1105547.1656185123,-0.013736911317966309,0.10397898617649214
2021-07-19,1092597.9569117296,-0.011712940984781902,0.09226604519171024
2021-07-20,1103658.9936076738,0.010123611000709345,0.10238965619241958
2021-07-21,1117691.856808567,0.01271485420965218,0.11510451040207176
2021-07-22,1118364.078447014,0.0006014373589214987,0.11570594776099326
2021-07-23,1120980.026965996,0.0023390848914017284,0.118045032652395
2021-07-26,1126133.4129148303,0.004597214780696864,0.12264224743309185
2021-07-27,1124397.5769954359,-0.0015414123224541873,0.12110083511063766
2021-07-28,1127415.209526131,0.0026837771553711244,0.12378461226600879
2021-07-29,1133604.3729701894,0.005489693053422568,0.12927430531943135
2021-07-30,1125853.1349963488,-0.006837692371926432,0.12243661294750492
2021-08-02,1127781.331760388,0.0017126539013861812,0.1241492668488911
2021-08-03,1137008.2178099488,0.008181449532559905,0.132330716381451
2021-08-04,1127658.8066618238,-0.008222817567786476,0.12410789881366452
2021-08-05,1133729.0233471193,0.005383026008784569,0.1294909248224491
2021-08-06,1132052.9350906257,-0.0014783852419560698,0.12801253958049302
2021-08-09,1128586.6489996281,-0.003061947002257405,0.12495059257823563
2021-08-10,1138437.4878860558,0.008728473702182616,0.13367906628041823
2021-08-11,1145468.1275905971,0.006175692367260606,0.13985475864767882
2021-08-12,1149179.3795111764,0.003239943418055274,0.1430947020657341
2021-08-13,1151416.660673865,0.001946851120527674,0.14504155318626177
2021-08-16,1150218.3138316434,-0.0010407586438086086,0.14400079454245315
2021-08-17,1145913.437876541,-0.0037426598962436142,0.14025813464620954
2021-08-18,1128398.70451936,-0.015284516943650508,0.12497361770255903
2021-08-19,1125650.9015226327,-0.0024351348381756463,0.12253848286438339
2021-08-20,1132398.983712162,0.005994826797900854,0.12853330966228424
2021-08-23,1148560.2055410235,0.014271667549438014,0.14280497721172225
2021-08-24,1149411.7454173318,0.0007413976839873567,0.1435463748957096
2021-08-25,1151134.5331688009,0.0014988430023772303,0.14504521789808683
2021-08-26,1142836.9174694137,-0.0072082067389167,0.13783701115917013
2021-08-27,1151408.169113944,0.007499977917680233,0.14533698907685036
2021-08-30,1153094.4778657933,0.001464562087610418,0.14680155116446078
2021-08-31,1147258.022270695,-0.005061558881021229,0.14173999228343956
2021-09-01,1143907.3962371314,-0.0029205514091172257,0.13881944087432233
2021-09-02,1152632.7591170287,0.007627682895135821,0.14644712376945815
2021-09-03,1151918.1149232264,-0.0006200103095714167,0.14582711345988672
2021-09-06,1151732.8588631966,-0.00016082398360595107,0.14566628947628077
2021-09-07,1143366.9033233193,-0.007263798610499743,0.13840249086578102
2021-09-08,1138897.166113205,-0.0039092763636261706,0.13449321450215485
2021-09-09,1133807.3272491097,-0.004469094326984514,0.13002412017517034
2021-09-10,1126321.710081891,-0.006602195088455451,0.12342192508671489
2021-09-13,1130143.9756613916,0.0033935824421096323,0.1268155075288245
2021-09-14,1125456.2522725828,-0.004147899285190946,0.12266760824363356
2021-09-15,1133085.6278944693,0.006778917977914115,0.12944652622154768
2021-09-16,1126304.803279772,-0.005984388512011779,0.1234621377095359
2021-09-17,1113725.5321504069,-0.011168620690184861,0.11229351701935104
2021-09-20,1089873.0073779188,-0.021416878830489712,0.09087663818886133
2021-09-21,1089450.9043500088,-0.0003872956069674503,0.09048934258189388
2021-09-22,1104000.1089786813,0.013354621645252461,0.10384396422714634
2021-09-23,1115540.6260699471,0.010453365898615915,0.11429733012576225
2021-09-24,1115506.06263632,-3.0983572287120035e-05,0.11426634655347513
2021-09-27,1114630.3496266142,-0.000785036530985843,0.11348131002248929
2021-09-28,1097512.0295385753,-0.01535784495171273,0.09812346507077656
2021-09-29,1097978.7093029618,0.0004252160813058046,0.09854868115208236
2021-09-30,1088417.3844900508,-0.008708114949679656,0.0898405662024027
2021-10-01,1097895.488581096,0.008708152061982843,0.09854871826438555
2021-10-04,1085105.2019822598,-0.011649821619511582,0.08689889664487396
2021-10-05,1097263.453083798,0.011204674974673241,0.0981035716195472
2021-10-06,1099487.8867917587,0.0020272558078090015,0.10013082742735621
2021-10-07,1107661.6327960864,0.007434139204732962,0.10756496663208917
2021-10-08,1109666.6727324633,0.0018101556260603708,0.10937512225814953
2021-10-11,1102112.7934901486,-0.006807340823991747,0.10256778143415779
2021-10-12,1099215.4744416594,-0.0026288770673953206,0.09993890436676246
2021-10-13,1100361.9615011574,0.0010430048395019245,0.10098190920626439
2021-10-14,1116350.829709326,0.014530553370234515,0.1155124625764989
2021-10-15,1126142.1756251317,0.008770850215926568,0.12428331279242547
2021-10-18,1129932.7579145522,0.0033659891010798214,0.1276493018935053
2021-10-19,1138469.3115020755,0.007554921766564947,0.13520422366007023
2021-10-20,1143566.0872429751,0.004476867043675501,0.13968109070374574
2021-10-21,1142407.744173727,-0.0010129218434946298,0.1386681688602511
2021-10-22,1148174.967082279,0.0050483051589632864,0.1437164740192144
2021-10-25,1152954.8549855647,0.0041630309319772955,0.14787950495119168
2021-10-26,1163114.7791231389,0.008812074552304438,0.1566915795034961
2021-10-27,1157856.1247925472,-0.004521182625291733,0.15217039687820438
2021-10-28,1168663.5649812697,0.009334009603877943,0.16150440648208234
2021-10-29,1171331.714821968,0.0022830777998465927,0.16378748428192894
2021-11-01,1172443.6773311824,0.0009493147800436654,0.1647367990619726
2021-11-02,1184249.8084086247,0.010069678659802572,0.17480647772177518
2021-11-03,1179031.453248367,-0.004406464854970064,0.17040001286680512
2021-11-04,1184368.0830669645,0.00452628282637784,0.17492629569318296
2021-11-05,1195684.4105891297,0.009554738669469121,0.1844810343626521
2021-11-08,1198554.4269624564,0.0024003126141893976,0.1868813469768415
2021-11-09,1194873.339776071,-0.0030712724458533762,0.18381007453098813
2021-11-10,1188438.085754743,-0.005385720650971997,0.17842435388001612
2021-11-11,1195341.708352604,0.0058089880159607876,0.1842333418959769
2021-11-12,1199586.8954928217,0.0035514423286278703,0.18778478422460476
2021-11-15,1197297.6077111377,-0.0019083967908330676,0.1858763874337717
2021-11-16,1195848.4681472748,-0.0012103419855931095,0.18466604544817858
2021-11-17,1192835.7301426074,-0.0025193309059759854,0.1821467145422026
2021-11-18,1200861.9773249927,0.006728711237905153,0.18887542578010777
2021-11-19,1197286.0031670742,-0.002977839439869929,0.18589758634023784
2021-11-22,1201470.4653261702,0.00349495621599789,0.18939254255623572
2021-11-23,1208806.3696461276,0.006105771662032303,0.19549831421826802
2021-11-24,1210342.5356940539,0.0012708123372777505,0.19676912655554576
2021-11-25,1209934.34245221,-0.00033725431421771646,0.19643187224132805
2021-11-26,1189530.9205809394,-0.016863247165890112,0.17956862507543794
2021-11-29,1193790.174635002,0.0035806165105674507,0.1831492415860054
2021-11-30,1179920.2569412855,-0.011618388212951455,0.17153085337305396
2021-12-01,1175142.0961449537,-0.004049562475279546,0.16748129089777442
2021-12-02,1184179.6910877344,0.0076906401127389765,0.1751719310105134
2021-12-03,1182156.4110440002,-0.0017085920818958212,0.17346333892861757
2021-12-06,1191449.9365053752,0.007861502398965589,0.18132484132758314
2021-12-07,1208175.859048055,0.014038292361438545,0.1953631336890217
2021-12-08,1205446.7016526,-0.0022589074057524786,0.1931042262832692
2021-12-09,1204220.868608567,-0.0010169118571169383,0.19208731442615226
2021-12-10,1212984.0018357607,0.007277014919463333,0.1993643293456156
2021-12-13,1208396.7635620174,-0.0037817796993206707,0.19558254964629493
2021-12-14,1206302.1146960785,-0.001733411516069011,0.19384913813022592
2021-12-15,1219116.2527044022,0.01062266065209711,0.20447179878232302
2021-12-16,1219269.3118228381,0.00012554923953845274,0.20459734802186147
2021-12-17,1194718.0940048792,-0.020136008984966713,0.18446133903689477
2021-12-20,1182640.7086504672,-0.010108983378603307,0.17435235565829146
2021-12-21,1198887.2031403738,0.0137374727345939,0.18808982839288535
2021-12-22,1208556.7812987207,0.008065461148486983,0.19615528954137235
2021-12-23,1210737.3315304301,0.0018042596470860743,0.19795954918845843
2021-12-24,1210655.972374996,-6.719802331645042e-05,0.19789235116514198
2021-12-27,1226465.940372101,0.01305900962607073,0.2109513607912127
2021-12-28,1223581.6453461722,-0.002351712290562183,0.20859964850065052
2021-12-29,1219670.547340213,-0.0031964340269687967,0.20540321447368173
2021-12-30,1218717.6437234671,-0.0007812795175090198,0.2046219349561727
2021-12-31,1220750.9743159623,0.0016684181138815386,0.20629035307005425
2022-01-03,1229750.8349414337,0.007372396839997847,0.2136627499100521
2022-01-04,1236751.9498924606,0.005693116647780254,0.21935586655783235
2022-01-05,1231508.99417318,-0.004239294484020389,0.21511657207381196
2022-01-06,1231204.7535231314,-0.00024704703862350264,0.21486952503518847
2022-01-07,1236766.6154486076,0.004517414272127155,0.21938693930731562
2022-01-10,1236210.4904753708,-0.0004496604018011899,0.21893727890551443
2022-01-11,1248256.0831905424,0.009743965779274262,0.22868124468478868
2022-01-12,1246873.8851421273,-0.0011073032745670304,0.22757394141022164
2022-01-13,1240334.3647684385,-0.005244732808678122,0.2223292086015435
2022-01-14,1240252.4326032107,-6.605651472300694e-05,0.22226315208682051
2022-01-17,1239871.0747084403,-0.0003074840933550149,0.2219556679934655
2022-01-18,1221557.0735106037,-0.014770891563982416,0.20718477642948308
2022-01-19,1210151.0694393157,-0.009337266607206912,0.19784750982227617
2022-01-20,1200989.022709894,-0.007570994201299675,0.1902765156209765
2022-01-21,1187258.817600894,-0.011432415158982264,0.17884410046199423
2022-01-24,1184341.8771992875,-0.0024568698571562205,0.17638723060483802
2022-01-25,1184863.983821155,0.00044084113879536277,0.17682807174363338
2022-01-26,1185823.2236266467,0.0008095779925710025,0.17763764973620438
2022-01-27,1186505.4880105653,0.0005753508367225635,0.17821300057292694
2022-01-28,1199706.7037063788,0.011126131171924196,0.18933913174485115
2022-01-31,1213119.7908485283,0.011180305236864186,0.20051943698171534
2022-02-01,1227263.9085909887,0.011659291892820663,0.212178728874536
2022-02-02,1232691.1681343692,0.004422243256229511,0.2166009721307655
2022-02-03,1216814.6163741702,-0.012879585877318816,0.20372138625344668
2022-02-04,1222487.7605215646,0.004662291257068452,0.20838367751051515
2022-02-07,1223950.642534244,0.0011966434838212884,0.20958032099433643
2022-02-08,1225284.7353077973,0.0010899890299423056,0.21067031002427875
2022-02-09,1232572.4590344247,0.00594777974182198,0.21661808976610072
2022-02-10,1214903.763504334,-0.014334812854679602,0.20228327691142112
2022-02-11,1205030.9997652383,-0.008126375138239944,0.19415690177318118
2022-02-14,1197851.769553254,-0.0059577141280042715,0.1881991876451769
2022-02-15,1209541.1255997801,0.009758599806456696,0.1979577874516336
2022-02-16,1209911.2881476386,0.0003060355204333152,0.1982638229720669
2022-02-17,1195034.5232640742,-0.012295748481147385,0.1859680744909195
2022-02-18,1187405.3244509783,-0.006384082354589836,0.17958399213632967
2022-02-21,1187134.444615681,-0.00022812752285972238,0.17935586461346995
2022-02-22,1176847.5996438102,-0.008665273776300116,0.17069059083716984
2022-02-23,1161759.096310045,-0.012821119181729165,0.15786947165544069
2022-02-24,1163621.2622120595,0.0016028847184661236,0.1594723563739068
2022-02-25,1188434.6506852107,0.021324282461099724,0.18079663883500652
2022-02-28,1182187.462084884,-0.005256653023979688,0.17553998581102684
2022-03-01,1173809.5727654586,-0.007086768882365229,0.1684532169286616
2022-03-02,1192329.0989794177,0.01577728333764364,0.18423050026630525
2022-03-03,1196720.6108202979,0.0036831373524634555,0.1879136376187687
2022-03-04,1202411.081899218,0.004755053959519933,0.19266869157828864
2022-03-07,1193484.0566423268,-0.007424270610339862,0.18524442096794877
2022-03-08,1193220.5772983478,-0.00022076486276669948,0.18502365610518207
2022-03-09,1204908.8553082151,0.00979557194389963,0.1948192280490817
2022-03-10,1207470.7913292437,0.002126248811054936,0.19694547686013664
2022-03-11,1200908.4922148492,-0.005434747706957254,0.19151072915317938
2022-03-14,1190384.7683438384,-0.008763135525506918,0.18274759362767246
2022-03-15,1192191.041552161,0.0015173860220302825,0.18426497964970273
2022-03-16,1206781.9521375247,0.01223873530065037,0.1965037149503531
2022-03-17,1219849.0244543715,0.010828030941050872,0.20733174589140396
2022-03-18,1228033.3781131748,0.006709316886541685,0.21404106277794566
2022-03-21,1231430.6235681348,0.0027664113333626603,0.21680747411130832
2022-03-22,1232298.8757458099,0.0007050759994575554,0.21751255011076587
2022-03-23,1228332.741198605,-0.003218484269738947,0.21429406584102692
2022-03-24,1240883.6684294199,0.01021785613120417,0.22451192197223108
2022-03-25,1245416.5133404601,0.003652916890087983,0.22816483886231906
2022-03-28,1245758.8193546892,0.00027485263810335847,0.22843969150042243
2022-03-29,1248874.0523519276,0.002500671035868882,0.2309403625362913
2022-03-30,1251496.9395785907,0.0021002015549314587,0.23304056409122276
2022-03-31,1237898.2312633554,-0.010865954110774234,0.22217460998044852
2022-04-01,1238706.6500521547,0.0006530575522143091,0.22282766753266284
2022-04-04,1240112.5723129273,0.001134992098987498,0.22396265963165032
2022-04-05,1227157.1980657654,-0.010446934041640236,0.21351572559001009
2022-04-06,1227957.1826521948,0.0006519006592555744,0.21416762624926566
2022-04-07,1233500.2993947377,0.004514096110884531,0.21868172236015018
2022-04-08,1236961.8138783982,0.002806253460464494,0.22148797582061466
2022-04-11,1216956.3463334267,-0.016173068012702674,0.20531490780791198
2022-04-12,1218535.1746491361,0.0012973582170520753,0.20661226602496405
2022-04-13,1230896.1089856266,0.010144093165016563,0.2167563591899806
2022-04-14,1229748.5026652564,-0.0009323340223375595,0.21582402516764304
2022-04-15,1229444.2872686975,-0.00024738017236813903,0.2155766449952749
2022-04-18,1231649.3796921594,0.0017935684002084748,0.21737021339548337
2022-04-19,1241076.9406637908,0.007654419453357601,0.22502463284884097
2022-04-20,1248404.2399511943,0.005903984714666127,0.2309286175635071
2022-04-21,1234007.289481431,-0.011532282580461345,0.21939633498304575
2022-04-22,1203851.6202355083,-0.02443718890720245,0.1949591460758433
2022-04-25,1210474.172554003,0.005501136690914749,0.20046028276675806
2022-04-26,1189469.3003712283,-0.017352598394112125,0.18310768437264593
2022-04-27,1198206.0631387366,0.007345093114031313,0.19045277748667724
2022-04-28,1221885.637642304,0.019762522684569003,0.21021530017124623
2022-04-29,1189760.4023548262,-0.02629152377096854,0.18392377640027768
2022-05-02,1196561.8565523464,0.0057166587357072125,0.18964043513598489
2022-05-03,1202933.445497389,0.005324913969262715,0.1949653491052476
2022-05-04,1234176.7036085655,0.025972557524375956,0.22093790662962356
2022-05-05,1201502.4393956012,-0.026474543002982628,0.19446336362664093
2022-05-06,1200549.4939572194,-0.0007931281761367525,0.19367023545050419
2022-05-09,1173005.7928369807,-0.022942578593282192,0.170727656857222
2022-05-10,1176152.9279356692,0.002682966373999878,0.17341062323122186
2022-05-11,1165065.543996532,-0.009426821696220607,0.16398380153500125
2022-05-12,1160563.8415011987,-0.003863904926662908,0.16011989660833834
2022-05-13,1174909.4871553604,0.012360927629457669,0.172480824237796
2022-05-16,1177753.9295040648,0.0024209884929871353,0.17490181273078315
2022-05-17,1180665.7121384214,0.0024723183352762107,0.17737413106605937
2022-05-18,1142537.5480926188,-0.03229378447583166,0.14508034659022773
2022-05-19,1135314.2918553408,-0.006322117158719826,0.1387582294315079
2022-05-20,1137202.3494818336,0.0016630263884084577,0.14042125581991635
2022-05-23,1166602.4315560197,0.025852990971731667,0.166274246791648
2022-05-24,1171551.4201585564,0.004242223801930344,0.17051647059357836
2022-05-25,1178143.8394536995,0.005627084890777676,0.17614355548435603
2022-05-26,1192124.2600159908,0.011866480215840115,0.18801003570019614
2022-05-27,1210406.4214081091,0.015335785039617493,0.20334582073981364
2022-05-30,1210345.7171703852,-5.015194619772956e-05,0.2032956687936159
2022-05-31,1199687.3810213602,-0.008806026243429587,0.19448964255018633
2022-06-01,1192830.7174815496,-0.005715375228814217,0.18877426732137212
2022-06-02,1204621.2406690028,0.009884489906787952,0.19865875722816007
2022-06-03,1193392.9996279776,-0.009320972154525008,0.18933778507363505
2022-06-06,1190200.7597654904,-0.00267492759173407,0.18666285748190098
2022-06-07,1203003.8762415529,0.010757106623411429,0.1974199641053124
2022-06-08,1195811.699064448,-0.005978515380661008,0.19144144872465138
2022-06-09,1171184.829463641,-0.020594270502683646,0.17084717822196774
2022-06-10,1141749.6773906255,-0.025132798284704237,0.1457143799372635
2022-06-13,1104242.1923388052,-0.032850882986488354,0.11286349695077513
2022-06-14,1099239.8718066576,-0.004530093639650251,0.10833340331112488
2022-06-15,1115697.558152735,0.014971878994007225,0.1233052823051321
2022-06-16,1086979.62475883,-0.025739890872803626,0.09756539143232848
2022-06-17,1073571.2915251064,-0.012335404388742336,0.08522998704358614
2022-06-20,1073297.2668028297,-0.0002552459482103586,0.08497474109537578
2022-06-21,1104143.5721692317,0.028739759543307087,0.11371450063868287
2022-06-22,1095611.3456735895,-0.007727461093560145,0.10598703954512272
2022-06-23,1089256.7005176374,-0.005800090680920416,0.1001869488642023
2022-06-24,1114610.324641864,0.023276078184488493,0.1234630270486908
2022-06-27,1117317.3858740889,0.002428706402925792,0.12589173345161658
2022-06-28,1108100.8491571648,-0.008248808112579345,0.11764292533903724
2022-06-29,1103264.2805928492,-0.00436473680892346,0.11327818853011377
2022-06-30,1090696.882085491,-0.011391104315101172,0.10188708421501261
2022-07-01,1099517.8152795008,0.008087428632915523,0.10997451284792813
2022-07-04,1099437.5658358994,-7.29860330466181e-05,0.10990152681488151
2022-07-05,1093777.4862574218,-0.005148159162793653,0.10475336765208786
2022-07-06,1091591.0280238185,-0.0019989972924790538,0.1027543703596088
2022-07-07,1107094.2343571682,0.014202394427349125,0.11695676478695792
2022-07-08,1103619.283409153,-0.003138803220335538,0.11381796156662238
2022-07-11,1095083.5607000878,-0.007734300077376292,0.10608366148924608
2022-07-12,1085473.2520603545,-0.008775867874036372,0.0973077936152097
2022-07-13,1083731.5193544796,-0.0016045837173498047,0.0957032098978599
2022-07-14,1076106.7109613623,-0.007035698655012741,0.08866751124284715
2022-07-15,1094300.910673997,0.01690743076621134,0.10557494200905848
2022-07-18,1091701.305777065,-0.0023755850621843566,0.10319935694687413
2022-07-19,1115260.9490119072,0.021580667816525793,0.12478002476339992
2022-07-20,1120378.487834631,0.004588647013291289,0.1293686717766912
2022-07-21,1127732.5370451736,0.006563897192238749,0.13593256896892994
2022-07-22,1121614.592900826,-0.005424995682378388,0.13050757328655155
2022-07-25,1125430.489900471,0.003402146355617602,0.13390971964216916
2022-07-26,1112294.2567419936,-0.011672185244989381,0.12223753439717978
2022-07-27,1134855.3036514812,0.020283343883812546,0.14252087828099233
2022-07-28,1145144.1312956915,0.009066202194328356,0.15158708047532068
2022-07-29,1162458.8521661398,0.015120123657148012,0.1667072041324687
2022-08-01,1158074.9018811663,-0.0037712735180298767,0.1629359306144388
2022-08-02,1141956.9479558477,-0.013917885534982698,0.14901804507945612
2022-08-03,1148553.2645194991,0.0057763268356650355,0.15479437191512116
2022-08-04,1139526.3413445877,-0.007859385762738615,0.14693498615238254
2022-08-05,1140138.0787676212,0.0005368348241179034,0.14747182097650044
2022-08-08,1137517.0387715835,-0.002298879447014745,0.1451729415294857
2022-08-09,1139724.9595481812,0.0019410001796387258,0.14711394170912442
2022-08-10,1155046.6962195225,0.013443363280747349,0.16055730498987178
2022-08-11,1151841.2487377154,-0.002775167006060062,0.15778213798381172
2022-08-12,1169592.3205273314,0.015411040201129489,0.1731931781849412
2022-08-15,1168798.1721041775,-0.0006789959280818453,0.17251418225685936
2022-08-16,1173158.5774504503,0.0037306743374029535,0.1762448565942623
2022-08-17,1167417.19933246,-0.004893948890070315,0.171350907704192
2022-08-18,1170757.0241721582,0.0028608665707580017,0.17421177427495002
2022-08-19,1157406.553623556,-0.01140328033311809,0.16280849394183194
2022-08-22,1139984.4181419658,-0.015052736160034564,0.1477557577817974
2022-08-23,1143430.4904503534,0.00302291176400837,0.15077866954580577
2022-08-24,1143169.4660158386,-0.00022828185595435957,0.1505503876898514
2022-08-25,1160096.6931559148,0.014807277173935412,0.1653576648637868
2022-08-26,1125756.4218355082,-0.029601214728909968,0.13575645013487683
2022-08-29,1117651.9274773654,-0.00719915445379269,0.12855729568108415
2022-08-30,1104517.6335003846,-0.01175168552397699,0.11680561015710716
2022-08-31,1093821.770089422,-0.009683741650249494,0.10712186850685768
2022-09-01,1081910.0676285862,-0.010889984809738996,0.09623188369711869
2022-09-02,1072393.0279804054,-0.008796516395342447,0.08743536730177624
2022-09-05,1072271.3459783522,-0.00011346772953402251,0.08732189957224222
2022-09-06,1064023.107118234,-0.007692305582028203,0.07962959399021402
2022-09-07,1076612.2762933425,0.011831668965540323,0.09146126295575434
2022-09-08,1082869.42872307,0.00581189028539628,0.09727315324115061
2022-09-09,1099832.7455091178,0.01566515439082167,0.11293830763197228
2022-09-12,1108576.4466976614,0.007950028060399454,0.12088833569237173
2022-09-13,1064273.4068667644,-0.03996390141868089,0.08092443427369084
2022-09-14,1069220.2809064628,0.004648123318482636,0.08557255759217347
2022-09-15,1056586.2251290004,-0.011816139296152897,0.07375641829602057
2022-09-16,1051684.0134610378,-0.004639670243064283,0.06911674805295628
2022-09-19,1056917.0505407543,0.004975864435263962,0.07409261248822024
2022-09-20,1048937.4964671696,-0.007549839478417046,0.0665427730098032
2022-09-21,1038288.0922766197,-0.010152563166458618,0.056390209843344585
2022-09-22,1029659.4528595776,-0.00831044820915016,0.048079761634194425
2022-09-23,1008382.2279570872,-0.020664332118157262,0.027415429516037162
2022-09-26,995502.3436837832,-0.012772819587863823,0.01464260992817334
2022-09-27,993492.7781902321,-0.0020186446634719033,0.012623965264701435
2022-09-28,1013158.1343562113,0.019794161163206328,0.03241812642790776
2022-09-29,994743.7344223628,-0.018175247584178517,0.014242878843729247
2022-09-30,980901.4260217268,-0.013915451710458987,0.00032742713327025934
2022-10-03,1007550.0248018935,0.0271674584960553,0.02749488562932556
2022-10-04,1038970.9615585961,0.031185485567211083,0.05868037119653664
2022-10-05,1038270.8636696303,-0.0006738377826418776,0.058006533413894765
2022-10-06,1032160.971528246,-0.005884680342266037,0.052121853071628726
2022-10-07,1000431.1007764967,-0.030741203772478628,0.0213806492991501
2022-10-10,989897.4890715493,-0.010529072613567919,0.01085157668558218
2022-10-11,985025.106913335,-0.004922107806116539,0.00592946887946564
2022-10-12,985808.4717620604,0.0007952739917260186,0.006724742871191659
2022-10-13,1012552.1711862342,0.02712869709505684,0.0338534399662485
2022-10-14,993233.1491842653,-0.019079532444571404,0.014773907521677093
2022-10-17,1014842.8187138162,0.02175689519353909,0.03653080271521618
2022-10-18,1025174.6719253339,0.01018074229919866,0.04671154501441484
2022-10-19,1023104.526759428,-0.002019309706528381,0.044692235307886456
2022-10-20,1019483.075686101,-0.0035396687030576847,0.04115256660482877
2022-10-21,1047522.2479016385,0.027503322893974842,0.06865588949880361
2022-10-24,1056684.3057306588,0.008746408820789503,0.07740229831959311
2022-10-25,1069480.7160042003,0.012109965298190974,0.08951226361778408
2022-10-26,1071811.923892823,0.0021797568237905914,0.09169202044157468
2022-10-27,1072870.3674908692,0.0009875273585331218,0.0926795478001078
2022-10-28,1100809.357139963,0.02604134711487558,0.11872089491498339
2022-10-31,1091075.605296179,-0.008842359288327231,0.10987853562665616
2022-11-01,1094123.3590967602,0.0027933479456301517,0.1126718835722863
2022-11-02,1075091.0792196612,-0.017395003697581915,0.09527687987470439
2022-11-03,1070828.1917617212,-0.00396514075908257,0.09131173911562182
2022-11-04,1087385.28634478,0.01546195244992487,0.1067736915655467
2022-11-07,1094878.673234141,0.006891197612715458,0.11366488917826216
2022-11-08,1100727.603826066,0.00534208103136015,0.11900697020962231
2022-11-09,1076358.4224232505,-0.022139157152150722,0.09686781305747158
2022-11-10,1123503.9385329208,0.04380094504535924,0.1406687581028308
2022-11-11,1137051.5164500317,0.012058327036041747,0.15272708513887256
2022-11-14,1135583.538461528,-0.0012910391193944556,0.1514360460194781
2022-11-15,1142238.3883348033,0.0058602908970407,0.15729633691651881
2022-11-16,1136013.7854249536,-0.005449477949103301,0.1518468589674155
2022-11-17,1135178.574361917,-0.0007352120843532912,0.15111164688306222
2022-11-18,1134809.883918101,-0.00032478629542796267,0.15078686058763427
2022-11-21,1132981.3011956327,-0.0016113560063073051,0.14917550458132697
2022-11-22,1150930.2810575024,0.0158422560398202,0.16501776062114717
2022-11-23,1156045.979013379,0.0044448373981228724,0.16946259801927005
2022-11-24,1155982.214639244,-5.515729935723357e-05,0.16940744071991282
2022-11-25,1154696.0219380045,-0.001112640562243164,0.16829480015766965
2022-11-28,1143224.7827109671,-0.009934423440538362,0.1583603767171313
2022-11-29,1143072.4893931746,-0.0001332138002040743,0.15822716291692723
2022-11-30,1164727.7885784088,0.018944817048943418,0.17717197996587064
2022-12-01,1168901.3324011697,0.003583278310767212,0.18075525827663785
2022-12-02,1165542.2673418473,-0.002873694268465043,0.17788156400817282
2022-12-05,1148302.6377545444,-0.01479108057283917,0.16309048343533364
2022-12-06,1130671.8254686776,-0.015353802827051895,0.14773668060828174
2022-12-07,1133127.9660850333,0.0021722842658945117,0.14990896487417626
2022-12-08,1149110.6911852176,0.01410496040919777,0.16401392528337402
2022-12-09,1137146.0845243654,-0.010412057561236025,0.153601867722138
2022-12-12,1152688.4808716343,0.013667897694753984,0.16726976541689198
2022-12-13,1167567.1969774098,0.012907837939461889,0.18017760335635385
2022-12-14,1160654.4687779562,-0.005920625568574649,0.1742569777877792
2022-12-15,1136039.9652757312,-0.02120743439530419,0.153049543392475
2022-12-16,1123659.713461402,-0.010897725601866753,0.14215181779060826
2022-12-19,1117616.813626705,-0.0053778735344014545,0.13677394425620681
2022-12-20,1119375.3917872468,0.001573507251412149,0.13834745150761896
2022-12-21,1134258.2816602536,0.013295709359167001,0.15164316086678595
2022-12-22,1116317.7452217776,-0.015816976369981486,0.13582618449680445
2022-12-23,1119947.2844398958,0.003251349567498737,0.13907753406430318
2022-12-26,1119555.1829556169,-0.0003501070896163583,0.13872742697468682
2022-12-27,1113983.8652326788,-0.004976367228482346,0.13375105974620446
2022-12-28,1101766.2504688124,-0.010967497057342485,0.12278356268886198
2022-12-29,1114357.6413078855,0.011428368616042968,0.13421193130490494
2022-12-30,1112318.5372857114,-0.0018298470316773748,0.13238208427322756
2023-01-02,1112188.0062617732,-0.00011735039879567921,0.13226473387443188
2023-01-03,1109067.2534240845,-0.0028059580036093657,0.12945877587082252
2023-01-04,1112450.4706126768,0.003050506791312195,0.13250928266213471
2023-01-05,1106909.6937131158,-0.004980695362113119,0.1275285873000216
2023-01-06,1131149.1371948922,0.02189830265237394,0.14942688995239553
2023-01-09,1121372.127888429,-0.008643430812942039,0.1407834591394535
2023-01-10,1122039.0775453213,0.0005947621135798803,0.1413782212530334
2023-01-11,1130524.6528818859,0.0075626379743639945,0.1489408592273974
2023-01-12,1138309.0495637981,0.006885649651308839,0.15582650887870622
2023-01-13,1145195.5993844671,0.006049806793074287,0.1618763156717805
2023-01-16,1145031.8637802263,-0.0001429761032341048,0.1617333395685464
2023-01-17,1136610.0132655818,-0.007355123277391128,0.15437821629115528
2023-01-18,1118688.184085499,-0.015767791037307348,0.13861042525384792
2023-01-19,1112394.7848044643,-0.005625695676923097,0.13298472957692484
2023-01-20,1123210.3848130777,0.009722807187121563,0.1427075367640464
2023-01-23,1136705.6288429988,0.012014885378901418,0.15472242214294782
2023-01-24,1143327.4179432744,0.005825421228023395,0.16054784337097122
2023-01-25,1144260.2539883682,0.0008158958059205628,0.16136373917689179
2023-01-26,1156849.1803779993,0.011001803432175562,0.17236554260906733
2023-01-27,1154794.9378287073,-0.0017757220077909738,0.17058982060127637
2023-01-30,1138608.951439894,-0.014016329530545607,0.15657349107073076
2023-01-31,1149300.5218219156,0.009390028392540857,0.16596351946327162
2023-02-01,1154741.0730276548,0.0047337933834003575,0.17069731284667197
2023-02-02,1155034.1857091156,0.0002538341177144507,0.17095114696438643
2023-02-03,1147878.775787534,-0.006194976746241244,0.16475617021814518
2023-02-06,1145935.599116067,-0.0016928413630907045,0.16306332885505448
2023-02-07,1155668.4220152232,0.008493341952779673,0.17155667080783416
2023-02-08,1151466.550015657,-0.003635880257279194,0.16792079055055495
2023-02-09,1142875.198849915,-0.007461225135567358,0.1604595654149876
2023-02-10,1146146.536951354,0.0028623756161048767,0.1633219410310925
2023-02-13,1154980.4778197673,0.007707514339231815,0.1710294553703243
2023-02-14,1154636.9085373252,-0.00029746761009381937,0.17073198776023046
2023-02-15,1152650.0772542285,-0.0017207411857410033,0.16901124657448946
2023-02-16,1137876.4494097475,-0.012817096997619622,0.15619414957686983
2023-02-17,1136242.1022141622,-0.0014363134032989138,0.15475783617357092
2023-02-20,1135943.1690588356,-0.0002630893141031265,0.1544947468594678
2023-02-21,1120324.375774601,-0.013749625605984498,0.1407451212534833
2023-02-22,1114538.677819426,-0.005164306053034683,0.1355808152004486
2023-02-23,1125554.0564720444,0.009883352522291953,0.14546416772274054
2023-02-24,1116977.7188065338,-0.0076196586171902465,0.1378445091055503
2023-02-27,1119023.368907027,0.0018314153147823897,0.1396759244203327
2023-02-28,1113528.1200208266,-0.004910754358568602,0.13476517006176408
2023-03-01,1107681.4145440555,-0.005250613228035684,0.1295145568337284
2023-03-02,1114914.8637930888,0.006530261457903727,0.13604481829163212
2023-03-03,1133064.7886209355,0.016279202490940104,0.15232402078257223
2023-03-06,1135999.21338885,0.0025898119837312918,0.15491383276630352
2023-03-07,1118110.809648581,-0.015746845182141485,0.13916698758416204
2023-03-08,1119181.4586796637,0.0009575518113623433,0.14012453939552438
2023-03-09,1105178.8461429342,-0.01251147651538914,0.12761306288013524
2023-03-10,1096591.0114816176,-0.00777053839863836,0.11984252448149688
2023-03-13,1093875.8255185955,-0.0024760242739483916,0.11736650020754849
2023-03-14,1105520.2574793189,0.010645113173794577,0.12801161338134306
2023-03-15,1095731.0074841324,-0.008854880703413547,0.11915673267792952
2023-03-16,1105524.301026499,0.008937680393705877,0.12809441307163538
2023-03-17,1096214.3671619522,-0.008421283779924354,0.11967312929171103
2023-03-20,1109411.330898032,0.012038670657315204,0.13171179994902624
2023-03-21,1121221.0115897558,0.01064499736284832,0.14235679731187456
2023-03-22,1111050.457367192,-0.009070962921166815,0.13328583439070774
2023-03-23,1113624.0189793396,0.0023163318957143304,0.13560216628642208
2023-03-24,1116641.870248121,0.0027099373014128508,0.13831210358783494
2023-03-27,1118991.6802959382,0.0021043542342675087,0.14041645782210244
2023-03-28,1121064.00761658,0.0018519595428033975,0.14226841736490584
2023-03-29,1131040.3325477256,0.008898978883779936,0.15116739624868578
2023-03-30,1137407.750724849,0.005629700368668928,0.1567970966173547
2023-03-31,1148228.8412930265,0.009513818207482103,0.1663109148248368
2023-04-03,1161820.4287427391,0.011837002312541726,0.17814791713737851
2023-04-04,1152119.6663959145,-0.00834962280472403,0.16979829433265448
2023-04-05,1158721.1109770362,0.00572982544579973,0.1755281197784542
2023-04-06,1156970.640284675,-0.0015106919825471628,0.17401742779590704
2023-04-07,1156709.5347214185,-0.0002256803709315136,0.17379174742497552
2023-04-10,1156271.4472691074,-0.00037873592216610514,0.1734130115028094
2023-04-11,1156552.934608657,0.00024344399424036715,0.17365645549704978
2023-04-12,1154753.9961050474,-0.00155543118674304,0.17210102431030674
2023-04-13,1165661.6126823565,0.009445835748653148,0.1815468600589599
2023-04-14,1166470.388187743,0.0006938338678970292,0.18224069392685693
2023-04-17,1169215.1808146362,0.002353075272795847,0.18459376919965279
2023-04-18,1167164.45369206,-0.0017539347386400527,0.18283983446101273
2023-04-19,1168164.0807961442,0.0008564578032874966,0.18369629226430023
2023-04-20,1167207.892402585,-0.0008185394580080359,0.1828777528062922
2023-04-21,1165940.2337535194,-0.001086060724329208,0.181791692081963
2023-04-24,1172028.441557859,0.005221715168658249,0.18701340725062124
2023-04-25,1161576.3798616964,-0.008917924962870184,0.17809548228775104
2023-04-26,1157730.8739863147,-0.0033105923485113307,0.1747848899392397
2023-04-27,1165500.608847326,0.006711175313359467,0.18149606525259918
2023-04-28,1174710.4181157935,0.00790202012642095,0.18939808537902011
2023-05-01,1169889.1619067458,-0.004104208266732564,0.18529387711228756
2023-05-02,1164749.0461396354,-0.0043936775674822785,0.1809001995448053
2023-05-03,1154444.9701816998,-0.008846606049678024,0.17205359349512728
2023-05-04,1145876.8975090086,-0.007421811254756117,0.16463178224037117
2023-05-05,1162848.7718504115,0.014811254488416225,0.1794430367287874
2023-05-08,1161764.7937092625,-0.0009321746450522302,0.17851086208373515
2023-05-09,1157056.4553741326,-0.004052746614998652,0.1744581154687365
2023-05-10,1157468.3573936273,0.00035599128943244194,0.17481410675816894
2023-05-11,1152982.6872895765,-0.0038754148874976697,0.17093869187067126
2023-05-12,1149887.3335634212,-0.002684648919952066,0.1682540429507192
2023-05-15,1149877.0068543758,-8.980626835330968e-06,0.16824506232388386
2023-05-16,1139432.1385090915,-0.009083465695046455,0.15916159662883742
2023-05-17,1146407.742788165,0.006122000638143339,0.16528359726698075
2023-05-18,1149681.860663274,0.0028559802528427295,0.16813957751982347
2023-05-19,1148704.7040922688,-0.0008499364949895264,0.16728964102483396
2023-05-22,1143100.143497467,-0.004879026415436047,0.1624106146093979
2023-05-23,1145440.1115840382,0.002047036823398193,0.1644576514327961
2023-05-24,1138377.719447207,-0.0061656581303624605,0.15829199330243363
2023-05-25,1150336.074669854,0.0105047340775908,0.16879672738002444
2023-05-26,1159948.2663908608,0.008355985639905592,0.17715271301993002
2023-05-29,1159615.0216205097,-0.0002872927871067077,0.1768654202328233
2023-05-30,1159174.974750737,-0.0003794766897359022,0.17648594354308741
2023-05-31,1151726.1073996017,-0.006426007732557461,0.17005993581052994
2023-06-01,1159903.2277439432,0.0070998827688328004,0.17715981857936275
2023-06-02,1175668.1272057774,0.013591564438093192,0.19075138301745595
2023-06-05,1173496.547424022,-0.0018471027082418944,0.18890428030921405
2023-06-06,1174602.100928025,0.0009421020508580903,0.18984638236007215
2023-06-07,1176822.2512031908,0.0018901296646852642,0.19173651202475742
2023-06-08,1184900.6008716284,0.006864545312750635,0.19860105733750805
2023-06-09,1185575.4782038904,0.000569564511795744,0.19917062184930379
2023-06-12,1191937.3789537693,0.0053660866531390124,0.2045367085024428
2023-06-13,1199834.590814051,0.006625525803388647,0.21116223430583145
2023-06-14,1201062.4866512995,0.0010233875957981245,0.21218562190162957
2023-06-15,1213547.2504193052,0.010394766223041849,0.2225803881246714
2023-06-16,1208817.8375105676,-0.003897180688352685,0.21868320743631872
2023-06-19,1208592.263805632,-0.00018660686328075826,0.21849660057303796
2023-06-20,1196071.160923966,-0.010360072008271283,0.2081365285647667
2023-06-21,1192851.5297554082,-0.002691839142806969,0.20544468942195973
2023-06-22,1190204.514956014,-0.0022190647648639233,0.20322562465709582
2023-06-23,1182076.341522381,-0.006829224163994588,0.19639640049310123
2023-06-26,1176609.547279711,-0.004624738733565351,0.19177166175953586
2023-06-27,1180565.0785995468,0.003361804541685593,0.19513346630122144
2023-06-28,1179506.6287813853,-0.0008965620255488988,0.19423690427567256
2023-06-29,1185756.3807304874,0.00529861536730766,0.19953551964298022
2023-06-30,1198646.5965561778,0.01087088042296625,0.21040640006594646
2023-07-03,1200402.814522781,0.0014651674410531025,0.21187156750699956
2023-07-04,1200015.7559419156,-0.00032244058093056083,0.211549126926069
2023-07-05,1193733.4721882693,-0.005235167723873135,0.20631395920219586
2023-07-06,1179605.0898383243,-0.011835457980453306,0.19447850122174257
2023-07-07,1176842.987746622,-0.0023415481295362152,0.19213695309220635
2023-07-10,1177870.064448225,0.0008727389399411885,0.19300969203214755
2023-07-11,1185613.8195061598,0.006574371224522419,0.19958406325666997
2023-07-12,1195363.4281290367,0.008223258250260495,0.20780732150693046
2023-07-13,1199669.2442941738,0.0036020979593431313,0.2114094194662736
2023-07-14,1193692.3416017427,-0.0049821254657133815,0.2064272940005602
2023-07-17,1198529.5022144516,0.004052267442897446,0.21047956144345764
2023-07-18,1206922.0166318845,0.007002342789164959,0.2174819042326226
2023-07-19,1212521.7545910233,0.004639684985419156,0.22212158921804176
2023-07-20,1218751.692136639,0.005138000635474783,0.22725958985351655
2023-07-21,1217075.9252039148,-0.0013749863434334502,0.2258846035100831
2023-07-24,1226745.3837799204,0.007944827743088825,0.23382943125317193
2023-07-25,1228160.038417464,0.0011531770620441585,0.23498260831521608
2023-07-26,1226988.8788470777,-0.0009535887292793032,0.23402901958593678
2023-07-27,1216017.9222624004,-0.008941365951895196,0.22508765363404157
2023-07-28,1222006.3512710717,0.004924622325902634,0.2300122759599442
2023-07-31,1225689.6188751955,0.0030141149432591,0.2330263909032033
2023-08-01,1226570.1214721927,0.0007183732189927063,0.233744764122196
2023-08-02,1210732.016390007,-0.012912514991948435,0.22083224913024757
2023-08-03,1207613.944574773,-0.0025753608337962205,0.21825688829645135
2023-08-04,1200183.932212053,-0.006152638760176181,0.21210424953627516
2023-08-07,1208318.4428115685,0.006777719965408087,0.21888196950168323
2023-08-08,1206029.4635490263,-0.0018943510100004608,0.21698761849168277
2023-08-09,1199849.4315732035,-0.005124279433138104,0.21186333905854465
2023-08-10,1197193.4817108961,-0.0022135692966282644,0.20964976976191638
2023-08-11,1199429.0242209483,0.0018673193132137033,0.2115170890751301
2023-08-14,1203864.736473628,0.0036981865230089855,0.21521527559813908
2023-08-15,1187940.0556712537,-0.013227965169094646,0.20198731042904444
2023-08-16,1180822.5896795194,-0.005991435306651578,0.19599587512239286
2023-08-17,1180979.313257138,0.0001327240679406483,0.1961285991903335
2023-08-18,1182502.728241861,0.0012899590768626571,0.19741855826719618
2023-08-21,1184840.017306989,0.001976561245320061,0.19939511951251623
2023-08-22,1177446.3835175657,-0.006240195875750659,0.19315492363676556
2023-08-23,1187716.7155015625,0.008722547478819922,0.2018774711155855
2023-08-24,1177043.5707449163,-0.00898627140406878,0.19289119971151672
2023-08-25,1183880.697504062,0.005808728690322582,0.1986999284018393
2023-08-28,1189359.0352501664,0.00462744071903051,0.20332736912086982
2023-08-29,1201099.636723034,0.009871368632095255,0.21319873775296508
2023-08-30,1204845.2199889293,0.0031184617423700043,0.2163171994953351
2023-08-31,1200004.0506350133,-0.004018084043990695,0.2122991154513444
2023-09-01,1201904.8157647413,0.0015839655947178137,0.2138830810460622
2023-09-04,1201643.2868235756,-0.0002175953850382939,0.21366548566102392
2023-09-05,1195673.5128383457,-0.004968008435357267,0.20869747722566664
2023-09-06,1183932.209923635,-0.009819823546010175,0.19887765367965646
2023-09-07,1176277.808659802,-0.006465236100238033,0.19241241757941843
2023-09-08,1180346.9440952546,0.0034593319754019,0.19587174955482034
2023-09-11,1179510.4653707684,-0.0007086719109755805,0.19516307764384477
2023-09-12,1182657.1662720565,0.0026678024431931588,0.19783088008703792
2023-09-13,1181331.1882647586,-0.0011211854501144932,0.19670969463692342
2023-09-14,1191991.9627742197,0.009024374041220758,0.20573406867814417
2023-09-15,1179880.1924026923,-0.010160949695783836,0.19557311898236035
2023-09-18,1182333.5905912423,0.0020793621287547677,0.1976524811111151
2023-09-19,1182020.6988844783,-0.0002646391079929065,0.1973878420031222
2023-09-20,1170520.5045819206,-0.009729266427746217,0.187658575575376
2023-09-21,1153877.5451529166,-0.014218426216248416,0.17344014935912758
2023-09-22,1152922.1738596107,-0.0008279659287236083,0.17261218343040396
2023-09-25,1156239.8476184807,0.0028776216071580703,0.17548980503756204
2023-09-26,1142529.129770327,-0.011858022257573816,0.16363178277998822
2023-09-27,1142038.248823848,-0.0004296441409572479,0.16320213863903096
2023-09-28,1144725.317247416,0.0023528707784831737,0.16555500941751414
2023-09-29,1144186.0636103183,-0.0004710768854089821,0.16508393253210515
2023-10-02,1145018.461617282,0.0007275023122874044,0.16581143484439256
2023-10-03,1129882.034891123,-0.013219373515410027,0.15259206132898254
2023-10-04,1130605.5125824767,0.0006403125892904655,0.153232373918273
2023-10-05,1125788.2740998867,-0.004260759768972697,0.1489716141493003
2023-10-06,1131332.07756018,0.004924374847238422,0.15389598899653872
2023-10-09,1138760.2135400611,0.006565831666242935,0.16046182066278167
2023-10-10,1142803.4095612462,0.003550524485410307,0.16401234514819196
2023-10-11,1140534.1315803854,-0.0019857115947283215,0.16202663355346364
2023-10-12,1136140.6228756527,-0.0038521501313114478,0.15817448342215218
2023-10-13,1134347.354809608,-0.0015783856592555738,0.1565960977628966
2023-10-16,1142352.7901448766,0.007057305067381507,0.1636534028302781
2023-10-17,1139756.6062630562,-0.0022726638427444257,0.16138073898753366
2023-10-18,1126915.0894701674,-0.011266893933602676,0.150113845053931
2023-10-19,1122997.5643857743,-0.0034763267623250317,0.14663751829160596
2023-10-20,1113079.811210036,-0.008831500165508212,0.13780601812609775
2023-10-23,1110395.1257757815,-0.0024119433370515743,0.13539407478904616
2023-10-24,1111895.0432660643,0.0013507961764825146,0.13674487096552868
2023-10-25,1108330.8518648238,-0.0032055106485330163,0.13353936031699565
2023-10-26,1099490.910675168,-0.007975904645063508,0.12556345567193214
2023-10-27,1082910.203092147,-0.015080349843764974,0.11048310582816717
2023-10-30,1097349.8664392163,0.013334128079907538,0.12381723390807471
2023-10-31,1094719.1322496012,-0.0023973522666491547,0.12141988164142556
2023-11-01,1104707.9831239064,0.009124578697897187,0.13054446033932274
2023-11-02,1126479.5330258387,0.019707968290739158,0.15025242863006188
2023-11-03,1135074.4417784517,0.0076298845213158524,0.15788231315137774
2023-11-06,1133540.0786735953,-0.0013517731070150328,0.1565305400443627
2023-11-07,1132407.171434403,-0.0009994417140662473,0.15553109833029646
2023-11-08,1130828.077391608,-0.0013944578263266785,0.15413664050396977
2023-11-09,1122341.9669696998,-0.0075043329676446275,0.14663230753632514
2023-11-10,1132335.1310413685,0.008903849598220121,0.15553615713454527
2023-11-13,1132156.180381082,-0.00015803683501538373,0.15537812029952988
2023-11-14,1145999.6664188504,0.012227540932655429,0.16760566123218532
2023-11-15,1150555.362474458,0.0039753031253873024,0.1715809643575726
2023-11-16,1147107.17041712,-0.0029969805624321445,0.16858398379514047
2023-11-17,1149883.382398905,0.002420185361386542,0.17100416915652702
2023-11-20,1156028.551528456,0.005344167263927889,0.17634833642045492
2023-11-21,1154934.4662808806,-0.0009464171504489484,0.17540191927000598
2023-11-22,1155152.5154583359,0.00018879787885938966,0.17559071714886537
2023-11-23,1155061.0987539855,-7.913821173133329e-05,0.17551157893713404
2023-11-24,1157274.055621684,0.001915878623291775,0.1774274575604258
2023-11-27,1157230.8481441122,-3.733556227408856e-05,0.1773901219981517
2023-11-28,1161295.6818378393,0.003512552141386609,0.1809026741395383
2023-11-29,1160034.7924192676,-0.0010857608775194873,0.17981691326201882
2023-11-30,1161898.931716072,0.0016069684366245677,0.18142388169864337
2023-12-01,1165636.1765871723,0.003216497381214225,0.1846403790798576
2023-12-04,1159947.9511418298,-0.004879932143146866,0.17976044693671073
2023-12-05,1161355.25752156,0.0012132495930914657,0.1809736965298022
2023-12-06,1155118.3132725032,-0.0053704016997924995,0.1756032948300097
2023-12-07,1157691.0194791895,0.00222722311396648,0.17783051794397617
2023-12-08,1163053.598952361,0.004632133602957246,0.18246265154693342
2023-12-11,1159365.4315157584,-0.0031711070237216716,0.17929154452321175
2023-12-12,1162842.5541025584,0.0029991601373295512,0.18229070466054131
2023-12-13,1167984.3803298697,0.004421773359747336,0.18671247802028865
2023-12-14,1176471.9914337583,0.00726688750879643,0.19397936552908507
2023-12-15,1178516.3179924497,0.0017376755023296737,0.19571704103141474
2023-12-18,1182887.0414583525,0.0037086660567823464,0.1994257070881971
2023-12-19,1193470.22585744,0.008946910421843614,0.20837261751004071
2023-12-20,1178945.0221919178,-0.012170562240115037,0.19620205526992568
2023-12-21,1185665.8268355506,0.0057006938552039916,0.20190274912512968
2023-12-22,1185929.6630738913,0.0002225215843867502,0.2021252707095164
2023-12-25,1185851.843544008,-6.561900954693556e-05,0.20205965169996948
2023-12-26,1190298.6476467578,0.0037498816795359523,0.20580953337950544
2023-12-27,1195462.976956403,0.0043386836739294455,0.2101482170534349
2023-12-28,1192318.7416829783,-0.0026301402335602215,0.20751807681987466
2023-12-29,1189248.357468426,-0.002575137089783895,0.20494293973009076
2024-01-01,1189214.6998092982,-2.8301623387960717e-05,0.2049146381067028
2024-01-02,1189638.8535323471,0.00035666707039267494,0.20527130517709546
2024-01-03,1185709.0379767946,-0.0033033685339746276,0.20196793664312085
2024-01-04,1180350.265228445,-0.004519466898467434,0.1974484697446534
2024-01-05,1183483.9340070551,0.0026548634510652432,0.20010333319571866
2024-01-08,1193393.0368155204,0.008372824103251512,0.20847615729897018
2024-01-09,1188168.541570357,-0.004377849613656658,0.2040983076853135
2024-01-10,1189712.8680585495,0.0012997537253015895,0.2053980614106151
2024-01-11,1187436.2220222184,-0.0019136096594856036,0.20348445175112947
2024-01-12,1190466.8190106724,0.002552218748467074,0.20603667049959654
2024-01-15,1190193.242074382,-0.00022980643552727997,0.20580686406406926
2024-01-16,1181796.2075580826,-0.007055185846681679,0.19875167821738757
2024-01-17,1172460.3937538073,-0.007899681641021363,0.1908519965763662
2024-01-18,1178842.008017139,0.005442925234258893,0.1962949218106251
2024-01-19,1186764.6711722407,0.00672071668741077,0.2030156384980359
2024-01-22,1190128.619447472,0.002834553772070447,0.20585019227010634
2024-01-23,1189604.3799902783,-0.00044048974928201053,0.20540970252082433
2024-01-24,1189649.8583195664,3.8229793075004515e-05,0.20544793231389932
2024-01-25,1202664.4195021314,0.01093982493382431,0.21638775724772363
2024-01-26,1201541.5612642067,-0.0009336421862296662,0.21545411506149398
2024-01-29,1209311.341147475,0.006466509468963608,0.22192062453045758
2024-01-30,1212831.813952284,0.0029111385009161087,0.2248317630313737
2024-01-31,1201054.549223937,-0.009710550624466085,0.21512121240690762
2024-02-01,1216444.8959711352,0.012814028103172169,0.2279352405100798
2024-02-02,1220129.2666653607,0.00302880196746103,0.23096404247754082
2024-02-05,1221880.1185248974,0.0014349724306850673,0.2323990149082259
2024-02-06,1228631.9567249857,0.005525777936578078,0.23792479284480397
2024-02-07,1231095.906505727,0.0020054417169068587,0.23993023456171084
2024-02-08,1228050.832593322,-0.0024734660364908742,0.23745676852521996
2024-02-09,1225429.2899116415,-0.002134718378183458,0.2353220501470365
2024-02-12,1231257.1403570194,0.00475576232211505,0.24007781246915155
2024-02-13,1214172.0717172332,-0.013876117408612268,0.22620169506053928
2024-02-14,1217525.934447905,0.0027622631164036147,0.2289639581769429
2024-02-15,1228158.6087814497,0.008733016712589484,0.2376969748895324
2024-02-16,1227084.1729278143,-0.000874834769673251,0.23682214011985914
2024-02-19,1226846.9936610588,-0.00019328687631059438,0.23662885324354854
2024-02-20,1227868.6179811019,0.0008327234979761575,0.2374615767415247
2024-02-21,1230726.1090880067,0.0023271961389510574,0.23978877288047576
2024-02-22,1247659.544131003,0.013758898034221815,0.2535476709146976
2024-02-23,1249196.768607888,0.001232086496765976,0.2547797574114636
2024-02-26,1245405.310315511,-0.0030351169548750575,0.2517446404565885
2024-02-27,1243151.5248133808,-0.0018096803373667822,0.24993496011922173
2024-02-28,1245253.1668480502,0.0016905759215353731,0.2516255360407571
2024-02-29,1244813.2180980942,-0.0003533006473452114,0.25127223539341187
2024-03-01,1250009.7789015635,0.004174570713033508,0.2554468061064454
2024-03-04,1242444.4887030954,-0.006052184811798835,0.24939462129464654
2024-03-05,1242492.2357005405,3.842988389350806e-05,0.24943305117854006
2024-03-06,1252309.4545354964,0.007901231535197976,0.25733428271373804
2024-03-07,1255121.0205015487,0.0022451047988733598,0.2595793875126114
2024-03-08,1254088.1098586468,-0.0008229570105432906,0.2587564305020681
2024-03-11,1263539.8608909706,0.0075367519698351145,0.2662931824719032
2024-03-12,1272277.9169999997,0.006915536564764605,0.2732087190366678
2024-03-13,1275415.1844620479,0.00246586647471319,0.275674585511381
2024-03-14,1273281.5726653477,-0.0016728762701693621,0.27400170924121164
2024-03-15,1268260.75406402,-0.0039432115481084105,0.27005849769310325
2024-03-18,1271525.137091319,0.0025739052610739294,0.2726324029541772
2024-03-19,1276252.6076553445,0.0037179528946157774,0.276350355848793
2024-03-20,1283598.6514960842,0.005755948153739826,0.2821063040025328
2024-03-21,1288851.2655133046,0.004092099980861042,0.2861984039833938
2024-03-22,1285939.6512004826,-0.002259077048477275,0.2839393269349165
2024-03-25,1283579.1052707587,-0.0018356584055248966,0.2821036685293916
2024-03-26,1281658.4968097284,-0.0014962914659047114,0.28060737706348693
2024-03-27,1292664.0979051436,0.008586999674882204,0.2891943767383691
2024-03-28,1294063.157522154,0.0010823071664771613,0.2902766839048463
2024-03-29,1293782.7835355052,-0.0002166617487091571,0.29006002215613713
2024-04-01,1291661.7402858085,-0.0016394121769811823,0.288420609979156
2024-04-02,1288313.4672875667,-0.0025922212401373584,0.2858283887390186
2024-04-03,1287315.4194602068,-0.0007746933123824087,0.2850536954266362
2024-04-04,1275127.058301807,-0.00946804565077823,0.275585649775858
2024-04-05,1284717.1788097832,0.007520913657614848,0.28310656343347285
2024-04-08,1280536.7663477347,-0.0032539554471603767,0.27985260798631245
2024-04-09,1283742.0059900489,0.002503043822362107,0.28235565180867456
2024-04-10,1274563.8313079365,-0.007149547681143315,0.2752061041275312
2024-04-11,1285401.2272637824,0.00850282715517266,0.28370893128270386
2024-04-12,1267197.268453082,-0.014162082954791403,0.2695468483279125
2024-04-15,1263528.4934403454,-0.002895188542518999,0.26665165978539346
2024-04-16,1254081.0174336701,-0.007477058139742846,0.2591746016456506
2024-04-17,1248750.2899925704,-0.0042507041945410665,0.25492389745110955
2024-04-18,1247094.4720279924,-0.001325980044087028,0.25359791740702253
2024-04-19,1240562.8785250022,-0.005237448845690618,0.24836046856133193
2024-04-22,1253496.53078094,0.010425632170548135,0.2587861007318801
2024-04-23,1264127.1102608156,0.008480741046209791,0.26726684177808985
2024-04-24,1263833.4867195492,-0.00023227374753937298,0.2670345680305505
2024-04-25,1252862.7366646377,-0.008680534398077642,0.25835403363247283
2024-04-26,1259420.102432762,0.005233905978863439,0.26358793961133625
2024-04-29,1268171.3535956317,0.006948635444174178,0.27053657505551043
2024-04-30,1246177.463467029,-0.01734299553939916,0.25319357951611127
2024-05-01,1255570.0190166486,0.007537093090648966,0.26073067260676025
2024-05-02,1265006.746651726,0.007515891182610595,0.26824656378937084
2024-05-03,1274235.6377678213,0.0072955271902879525,0.2755420909796588
2024-05-06,1285044.8826714195,0.00848292465162387,0.2840250156312827
2024-05-07,1283835.2328961054,-0.0009413288139784661,0.2830836868173042
2024-05-08,1287077.4848226006,0.0025254423958915844,0.2856091292131958
2024-05-09,1299653.9669075108,0.009771348060403315,0.2953804772735991
2024-05-10,1301269.4348954065,0.0012429985434813024,0.29662347581708043
2024-05-13,1303118.429588855,0.0014209161022807318,0.29804439191936116
2024-05-14,1307293.9450245595,0.003204248624602624,0.3012486405439638
2024-05-15,1320573.4276121822,0.01015799288152705,0.3114066334254908
2024-05-16,1322536.2820297615,0.0014863652232715754,0.31289299864876235
2024-05-17,1324727.2734240708,0.0016566588184233244,0.31454965746718566
2024-05-20,1322877.0062484213,-0.0013967155449793518,0.31315294192220633
2024-05-21,1327917.8455851949,0.0038105124761893677,0.3169634543983957
2024-05-22,1321618.4411663257,-0.004743820892092194,0.3122196335063035
2024-05-23,1318681.0732529133,-0.002222553667471614,0.3099970798388319
2024-05-24,1327173.820623423,0.006440334621289433,0.31643741446012136
2024-05-27,1326756.3650779766,-0.00031454474083147943,0.3161228697192899
2024-05-28,1336741.142013612,0.007525704943611512,0.32364857466290137
2024-05-29,1327751.2004728785,-0.0067252673372433505,0.31692330732565804
2024-05-30,1322517.9604406895,-0.003941431218684115,0.3129818761069739
2024-05-31,1330149.586883596,0.005770527638326748,0.31875240374530067
2024-06-03,1334999.9512340708,0.0036464803645421392,0.3223988841098428
2024-06-04,1335103.2878415084,7.740570128276776e-05,0.3224762898111256
2024-06-05,1346976.1095729477,0.008892811394865311,0.3313691012059909
2024-06-06,1344413.3514050527,-0.0019026010555654707,0.32946650015042545
2024-06-07,1335839.3433691196,-0.006377508842033187,0.32308899130839225
2024-06-10,1337807.3782941296,0.0014732571957691485,0.3245622485041614
2024-06-11,1336650.7618062298,-0.0008645613013247289,0.32369768720283665
2024-06-12,1342459.141412913,0.004345472858470866,0.3280431600613075
2024-06-13,1347192.9373783728,0.003526212321424759,0.33156937238273226
2024-06-14,1350131.4909782948,0.0021812418387824857,0.33375061422151475
2024-06-17,1349298.8643567981,-0.0006167003933027666,0.333133913828212
2024-06-18,1361332.1085319174,0.008918145929705109,0.34205205975791714
2024-06-19,1361116.0260799723,-0.00015872868243604898,0.3418933310754811
2024-06-20,1361733.503435487,0.0004536551944752601,0.34234698626995635
2024-06-21,1349025.957412664,-0.009331889088990753,0.3330150971809656
2024-06-24,1359124.3993601217,0.007485728419062972,0.3405008256000286
2024-06-25,1355556.0672277214,-0.0026254639634753535,0.33787536163655324
2024-06-26,1351821.4088222045,-0.002755074832983362,0.33512028680356987
2024-06-27,1350437.5094602322,-0.0010237294312255858,0.3340965573723443
2024-06-28,1349033.896679722,-0.001039376328543607,0.33305718104380067
2024-07-01,1356441.943953506,0.00549137222720419,0.33854855327100486
2024-07-02,1357350.0520794643,0.00066947806355159,0.33921803133455647
2024-07-03,1367296.9693347705,0.0073281886570582605,0.3465462199916147
2024-07-04,1366955.8631115437,-0.0002494748623576015,0.3462967451292571
2024-07-05,1372934.8561022887,0.0043739473615009555,0.35067069249075805
2024-07-08,1369282.631053058,-0.002660159025752522,0.34801053346500554
2024-07-09,1369727.594382669,0.00032496090983707374,0.3483354943748426
2024-07-10,1382942.656277627,0.009647948941931035,0.3579834433167737
2024-07-11,1383191.886489623,0.00018021731477038845,0.3581636606315441
2024-07-12,1387569.9712137838,0.0031652041679277507,0.36132886479947185
2024-07-15,1399600.507026465,0.008670219204987058,0.3699990840044589
2024-07-16,1413242.632787574,0.009747156915577915,0.37974624092003684
2024-07-17,1415368.0141567464,0.0015039040854437549,0.3812501450054806
2024-07-18,1404485.977383929,-0.007688485725248518,0.3735616592802321
2024-07-19,1392957.3235912283,-0.008208450620614049,0.36535320865961807
2024-07-22,1395763.330976301,0.002014424517930222,0.3673676331775483
2024-07-23,1392537.1263007105,-0.002311426732592166,0.3650562064449561
2024-07-24,1376856.3745071404,-0.011260562822641791,0.3537956436223143
2024-07-25,1378193.3499713268,0.0009710348072181566,0.35476667842953247
2024-07-26,1395418.2853255114,0.012498199439536603,0.3672648778690691
2024-07-29,1388464.2623785043,-0.004983468412401505,0.3622814094566676
2024-07-30,1392794.2263838116,0.003118527514629708,0.3653999369712973
2024-07-31,1397734.7058102645,0.0035471710988351723,0.3689471080701325
2024-08-01,1384739.116622189,-0.009297607860815026,0.35964950020931746
2024-08-02,1364011.7378172977,-0.014968435971861474,0.344681064237456
2024-08-05,1333028.2315234828,-0.022714985094919243,0.3219660791425367
2024-08-06,1340046.0872374058,0.005264596463874219,0.32723067560641095
2024-08-07,1335024.295004892,-0.0037474772549552556,0.32348319835145567
2024-08-08,1355618.7415006978,0.015426270947174362,0.33890946929863003
2024-08-09,1361507.4000705513,0.004343889907670204,0.34325335920630023
2024-08-12,1366531.290684855,0.0036899473436893346,0.34694330654998956
2024-08-13,1376383.096274667,0.0072093523631459565,0.3541526589131355
2024-08-14,1381952.320731789,0.004046274959490468,0.35819893387262597
2024-08-15,1402690.1056680284,0.015006150809354914,0.3732050846819809
2024-08-16,1407028.6269203762,0.003093000538619888,0.37629808522060076
2024-08-19,1415781.6667308284,0.006220939391695478,0.38251902461229625
2024-08-20,1413141.0724968335,-0.001865114018669391,0.38065391059362685
2024-08-21,1415950.0960462873,0.0019877870682016695,0.38264169766182854
2024-08-22,1407964.4471687574,-0.005639781302906054,0.3770019163589225
2024-08-23,1422122.4095025673,0.010055624886182082,0.38705754124510455
2024-08-26,1424316.324000132,0.0015427043993577084,0.38860024564446227
2024-08-27,1424606.0288677826,0.0002033992469010101,0.38880364489136326
2024-08-28,1418369.8945716312,-0.004377444830208658,0.38442620006115463
2024-08-29,1420912.2236544518,0.0017924302345603432,0.38621863029571496
2024-08-30,1429848.7103832837,0.0062892602231600725,0.392507890518875
2024-09-02,1429696.7912653724,-0.00010624838614603505,0.392401642132729
2024-09-03,1400368.16210114,-0.020513880525866314,0.37188776160686265
2024-09-04,1396052.275146588,-0.0030819659225017073,0.36880579568436095
2024-09-05,1391203.0707406756,-0.0034735120541265637,0.3653322836302344
2024-09-06,1377235.2589228456,-0.010040095591791334,0.3552921880384431
2024-09-09,1395723.9154819527,0.013424472281930572,0.36871666032037365
2024-09-10,1391970.0061803022,-0.002689578691036747,0.3660270816293369
2024-09-11,1399062.5418897336,0.005095322225292842,0.37112240385462975
2024-09-12,1407800.343667569,0.006245469031022125,0.3773678728856519
2024-09-13,1417048.4305148153,0.006569175017498075,0.38393704790315
2024-09-16,1425532.9233306004,0.005987440254743297,0.38992448815789327
2024-09-17,1426184.4251259542,0.00045702332418358425,0.39038151148207684
2024-09-18,1421759.9136394484,-0.003102341750868029,0.3872791697312088
2024-09-19,1441472.7977786118,0.013865128669088688,0.40114429840029747
2024-09-20,1438225.2909038023,-0.0022529088858383147,0.3988913895144592
2024-09-23,1440922.3957177661,0.0018753006438016646,0.40076669015826083
2024-09-24,1454236.492736714,0.009239982013268474,0.4100066721715293
2024-09-25,1445932.7180834573,-0.005710057954624565,0.4042966142169047
2024-09-26,1451859.0670570624,0.0040986339817113224,0.40839524819861606
2024-09-27,1454935.3900085618,0.0021188853803386725,0.4105141335789547
2024-09-30,1461514.6180469021,0.004522007013865837,0.41503614059282057
2024-10-01,1452246.6281786482,-0.006341359678385741,0.40869478091443484
2024-10-02,1453880.379291742,0.0011249818601012343,0.4098197627745361
2024-10-03,1451959.9221813886,-0.001320918239015746,0.4084988445355203
2024-10-04,1462496.139430871,0.007256548261781844,0.41575539279730217
2024-10-07,1454939.5538958025,-0.005166909731474071,0.4105884830658281
2024-10-08,1454802.618606142,-9.411751113215386e-05,0.410494365554696
2024-10-09,1465197.077825959,0.007144927488359869,0.41763929304305586
2024-10-10,1463890.8774590846,-0.0008914844198382929,0.4167478086232176
2024-10-11,1473260.5542058586,0.006400529500557622,0.4231483381237752
2024-10-14,1475130.308669011,0.0012691268070774853,0.4244174649308527
2024-10-15,1473516.9119006405,-0.0010937316919657797,0.4233237332388869
2024-10-16,1479563.498241664,0.004103506578166347,0.4274272398170532
2024-10-17,1477269.1695070984,-0.001550679465458696,0.42587656035159455
2024-10-18,1480420.8317987525,0.0021334380739198113,0.42800999842551435
2024-10-21,1476062.2694838985,-0.0029441373839344132,0.42506586104157995
2024-10-22,1479975.655903193,0.0026512339622791117,0.42771709500385907
2024-10-23,1471093.125301281,-0.006001808588189995,0.4217152864156691
2024-10-24,1472221.1923989104,0.0007668223569453609,0.42248210877261444
2024-10-25,1466822.3470257316,-0.003667142818656041,0.4188149659539584
2024-10-28,1470590.4883419243,0.0025689145818055623,0.421383880535764
2024-10-29,1463146.8619782364,-0.005061658172480346,0.41632222236328364
2024-10-30,1458460.2140614311,-0.003203128844132974,0.41311909351915066
2024-10-31,1440076.2724054193,-0.012605034733732864,0.4005140587854178
2024-11-01,1440979.8730255375,0.0006274671956151292,0.4011415259810329
2024-11-04,1442994.185584407,0.0013978769562133357,0.40253940293724627
2024-11-05,1457001.1102634512,0.009706847622099947,0.4122462505593462
2024-11-06,1485154.5796948816,0.019322888111142068,0.4315691386704883
2024-11-07,1481476.1417949367,-0.002476804738198094,0.4290923339322902
2024-11-08,1477361.356798369,-0.0027774898835578395,0.4263148440487323
2024-11-11,1470036.5296665374,-0.004958047060135214,0.4213567969885971
2024-11-12,1471020.598352518,0.0006694178451497074,0.42202621483374686
2024-11-13,1471375.006547315,0.0002409267383434332,0.4222671415720903
2024-11-14,1470691.117096668,-0.00046479615842574785,0.4218023454136645
2024-11-15,1456084.7751877164,-0.009931617685830974,0.41187072772783356
2024-11-18,1456946.7759378483,0.0005919990132585564,0.41246272674109213
2024-11-19,1465672.0755428185,0.005988756589514899,0.41845148333060705
2024-11-20,1465618.0799186944,-3.6840180709603646e-05,0.41841464314989746
2024-11-21,1477237.9317580413,0.007928294552692455,0.4263429377025899
2024-11-22,1485275.2644288961,0.005440784113422907,0.4317837218160128
2024-11-25,1481896.9695542848,-0.0022745244302647093,0.4295091973857481
2024-11-26,1487062.9597659237,0.003486065710217762,0.43299526309596587
2024-11-27,1483883.2847738147,-0.002138224862119775,0.4308570382338461
2024-11-28,1483646.247707801,-0.00015974104462657124,0.4306972971892195
2024-11-29,1494027.957168486,0.0069974291221540485,0.43769472631137357
2024-12-02,1492746.362811416,-0.0008578114960438488,0.4368369148153297
2024-12-03,1492130.640543704,-0.00041247614668602487,0.43642443866864367
2024-12-04,1491626.6401152813,-0.000337772320149476,0.4360866663484942
2024-12-05,1495419.522227075,0.0025427824964970145,0.4386294488449912
2024-12-06,1488659.4163384938,-0.0045205414187141964,0.434108907426277
2024-12-09,1486651.1131703581,-0.0013490682597335879,0.4327598391665434
2024-12-10,1476960.699897016,-0.006518283400519499,0.4262415557660239
2024-12-11,1478686.0542841922,0.0011681789415901843,0.42740973470761406
2024-12-12,1470992.3074570145,-0.005203096901392088,0.422206637806222
2024-12-13,1462582.3258222993,-0.005717216597314435,0.41648942120890753
2024-12-16,1451709.976311399,-0.007433666685933617,0.40905575452297394
2024-12-17,1451842.840219952,9.152235000187072e-05,0.4091472768729758
2024-12-18,1419225.9920571046,-0.02246582567980005,0.38668145119317576
2024-12-19,1415649.4554375822,-0.002520061385247246,0.3841613898079285
2024-12-20,1433715.9252146916,0.012761965688408932,0.39692335549633745
2024-12-23,1437176.740010502,0.002413877627321636,0.3993372331236591
2024-12-24,1448991.8049724998,0.008221024341036599,0.4075582574646957
2024-12-25,1448684.7196691614,-0.00021193032443989068,0.4073463271402558
2024-12-26,1448887.0618561741,0.00013967303186491938,0.4074860001721207
2024-12-27,1437070.359323466,-0.008155709885054657,0.39933029028706607
2024-12-30,1428425.2990897875,-0.006015752936236455,0.3933145373508296
