Episode,Timestamp,End_Total_Asset,Total_Return,Sharpe_Ratio,Max_Drawdown
1,2026-04-17T17:20:01.774706,1249516.4074060826,0.3048068183717139,0.3089813724248608,0.38425393899514704
2,2026-04-17T17:20:07.803308,1489012.492269307,0.4804096743070815,0.48542815683371265,0.3483752309165551
3,2026-04-17T17:20:13.958339,1464333.0320721252,0.4646571385781869,0.46709629158703736,0.35650703940249207
4,2026-04-17T17:20:15.738415,2548877.8021075297,1.0182852147294292,1.0292113114476849,0.30994587453073646
5,2026-04-17T17:20:17.064058,2548877.8021075297,1.0182852147294292,1.0292113114476849,0.30994587453073646
6,2026-04-17T17:20:18.459336,2548877.8021075297,1.0182852147294292,1.0292113114476849,0.30994587453073646
7,2026-04-17T17:20:19.857190,2548877.8021075297,1.0182852147294292,1.0292113114476849,0.30994587453073646
8,2026-04-17T17:20:21.234111,2548877.8021075297,1.0182852147294292,1.0292113114476849,0.30994587453073646
9,2026-04-17T17:20:27.474625,1287379.340168651,0.3339384754769177,0.3399202969103674,0.3639666529761485
10,2026-04-17T17:20:28.990450,1295093.6450678543,0.342208256868723,0.34343251220972176,0.3467266544735084
11,2026-04-17T17:20:35.241506,1327826.112241515,0.36791493346910054,0.3672946250492972,0.34145265159025734
12,2026-04-17T17:20:37.113097,2545165.5942584537,1.0165304102643018,1.0292276046038284,0.3062480666939892
13,2026-04-17T17:20:38.606050,2545165.5942584537,1.0165304102643018,1.0292276046038284,0.3062480666939892
14,2026-04-17T17:20:40.159375,2545165.5942584537,1.0165304102643018,1.0292276046038284,0.3062480666939892
15,2026-04-17T17:20:41.648314,2545165.5942584537,1.0165304102643018,1.0292276046038284,0.3062480666939892
16,2026-04-17T17:20:43.110817,2545165.5942584537,1.0165304102643018,1.0292276046038284,0.3062480666939892
17,2026-04-17T17:20:49.173635,1306581.054739482,0.3524206684424235,0.3502978369308979,0.3527829252786042
18,2026-04-17T17:20:55.309450,1379955.794744136,0.40531549073319306,0.40722441097482315,0.28352243628678253
19,2026-04-17T17:21:01.785464,1344771.0772772953,0.38013083032623096,0.38050215210955557,0.3205287703625599
20,2026-04-17T17:21:03.594494,2529892.8204354197,1.0109233367188883,1.0210078453110167,0.3103043688642354
21,2026-04-17T17:21:04.905529,2529892.8204354197,1.0109233367188883,1.0210078453110167,0.3103043688642354
22,2026-04-17T17:21:06.244075,2529892.8204354197,1.0109233367188883,1.0210078453110167,0.3103043688642354
23,2026-04-17T17:21:07.583531,2529892.8204354197,1.0109233367188883,1.0210078453110167,0.3103043688642354
24,2026-04-17T17:21:08.967102,2529892.8204354197,1.0109233367188883,1.0210078453110167,0.3103043688642354
25,2026-04-17T17:21:15.204548,1323913.9519477212,0.362336195118269,0.36773915403248086,0.3013840436760378
26,2026-04-17T17:21:16.641023,1268924.208047122,0.3209184152046693,0.32342939204833254,0.31020892970533387
27,2026-04-17T17:21:22.967522,1405811.8183988063,0.4239188939298332,0.42585570543483087,0.3399999649585315
28,2026-04-17T17:21:25.062970,2502634.967636697,1.0001096059153256,1.0099398838753983,0.3127740096192486
29,2026-04-17T17:21:26.392066,2502634.967636697,1.0001096059153256,1.0099398838753983,0.3127740096192486
30,2026-04-17T17:21:27.837114,2502634.967636697,1.0001096059153256,1.0099398838753983,0.3127740096192486
31,2026-04-17T17:21:29.221900,2502634.967636697,1.0001096059153256,1.0099398838753983,0.3127740096192486
32,2026-04-17T17:21:30.522721,2502634.967636697,1.0001096059153256,1.0099398838753983,0.3127740096192486
33,2026-04-17T17:21:36.680779,1311208.9546321342,0.35574451635879284,0.3547670221529356,0.33224319572243605
34,2026-04-17T17:21:42.735664,1177232.9090576589,0.24569442988016243,0.24816006005223012,0.3813137844105233
35,2026-04-17T17:21:44.104395,1236404.2692863927,0.29647170270036094,0.29633073751544664,0.33333617260816917
36,2026-04-17T17:21:50.655499,2514232.5112506254,1.0038844056315943,1.018995120299842,0.30691104696617666
37,2026-04-17T17:21:51.998716,2514232.5112506254,1.0038844056315943,1.018995120299842,0.30691104696617666
38,2026-04-17T17:21:53.373927,2514232.5112506254,1.0038844056315943,1.018995120299842,0.30691104696617666
39,2026-04-17T17:21:54.836080,2514232.5112506254,1.0038844056315943,1.018995120299842,0.30691104696617666
40,2026-04-17T17:21:56.538721,2514232.5112506254,1.0038844056315943,1.018995120299842,0.30691104696617666
41,2026-04-17T17:21:57.941960,1367625.7829760953,0.39479613771187005,0.4009776983921239,0.34237785035400553
42,2026-04-17T17:22:04.019701,1308819.809027704,0.352265340789744,0.35409813462223844,0.3205257370870614
43,2026-04-17T17:22:10.166897,1138636.2770258167,0.21418703902235542,0.21420091433874283,0.4012780162452517
44,2026-04-17T17:22:11.900143,2509736.040686386,1.0025204717359033,1.0150328458314861,0.31001573309485664
45,2026-04-17T17:22:13.185334,2509736.040686386,1.0025204717359033,1.0150328458314861,0.31001573309485664
46,2026-04-17T17:22:14.640766,2509736.040686386,1.0025204717359033,1.0150328458314861,0.31001573309485664
47,2026-04-17T17:22:16.085801,2509736.040686386,1.0025204717359033,1.0150328458314861,0.31001573309485664
48,2026-04-17T17:22:17.406765,2509736.040686386,1.0025204717359033,1.0150328458314861,0.31001573309485664
49,2026-04-17T17:22:23.298343,1367042.7783331275,0.3983572369795069,0.39455803481950824,0.3581293131450826
50,2026-04-17T17:22:29.671526,1178775.7690708658,0.2478898013599073,0.24899321526474474,0.39703249650605704
51,2026-04-17T17:22:31.195850,1271086.4403101024,0.32553897705255513,0.3227912033767627,0.35522839125847505
52,2026-04-17T17:22:37.930752,2489160.651476088,0.9932118192286998,1.012230439086945,0.30790714426294813
53,2026-04-17T17:22:39.315573,2489160.651476088,0.9932118192286998,1.012230439086945,0.30790714426294813
54,2026-04-17T17:22:40.678770,2489160.651476088,0.9932118192286998,1.012230439086945,0.30790714426294813
55,2026-04-17T17:22:42.019188,2489160.651476088,0.9932118192286998,1.012230439086945,0.30790714426294813
56,2026-04-17T17:22:43.426686,2489160.651476088,0.9932118192286998,1.012230439086945,0.30790714426294813
57,2026-04-17T17:22:44.886724,1343445.3176816837,0.3804124619302331,0.3779358845948953,0.3332401169152493
58,2026-04-17T17:22:51.251153,1256758.7871905076,0.3125570918291728,0.3128641244471626,0.40021321543956967
59,2026-04-17T17:22:57.510256,1554384.2142345088,0.5218568308488227,0.5327957954793696,0.3000622655609786
60,2026-04-17T17:22:59.331039,2508367.78397877,1.0011914136918592,1.0185228063748748,0.30862641240965105
61,2026-04-17T17:23:00.741309,2508367.78397877,1.0011914136918592,1.0185228063748748,0.30862641240965105
62,2026-04-17T17:23:02.133125,2508367.78397877,1.0011914136918592,1.0185228063748748,0.30862641240965105
63,2026-04-17T17:23:03.527776,2508367.78397877,1.0011914136918592,1.0185228063748748,0.30862641240965105
64,2026-04-17T17:23:04.881481,2508367.78397877,1.0011914136918592,1.0185228063748748,0.30862641240965105
65,2026-04-17T17:23:11.155958,1307572.325394618,0.35218747474028156,0.3520389317954859,0.40551480033990767
66,2026-04-17T17:23:12.585389,1288120.833840419,0.33701177432479656,0.33753976469782176,0.33222765897759743
67,2026-04-17T17:23:18.929275,1236057.5818776216,0.2920838136194681,0.29945500229030364,0.3184124534820737
68,2026-04-17T17:23:20.787656,2488068.2777788215,0.9929102623513398,1.0110711674632948,0.31121719246382873
69,2026-04-17T17:23:22.123897,2488068.2777788215,0.9929102623513398,1.0110711674632948,0.31121719246382873
70,2026-04-17T17:23:23.445928,2488068.2777788215,0.9929102623513398,1.0110711674632948,0.31121719246382873
71,2026-04-17T17:23:24.810046,2488068.2777788215,0.9929102623513398,1.0110711674632948,0.31121719246382873
72,2026-04-17T17:23:26.187387,2488068.2777788215,0.9929102623513398,1.0110711674632948,0.31121719246382873
73,2026-04-17T17:23:32.377271,1495191.5836865813,0.4847123791547384,0.4895055934106761,0.27114956438304094
74,2026-04-17T17:23:38.578064,1350550.0764017203,0.3837767909736539,0.386068066728543,0.37404367077852424
75,2026-04-17T17:23:44.768782,1297041.2392763384,0.34281126919419114,0.3454866916832655,0.37886118201212393
76,2026-04-17T17:23:46.539368,2470718.033148515,0.9865675046651297,1.0005891454259515,0.31355872282452757
77,2026-04-17T17:23:47.928544,2470718.033148515,0.9865675046651297,1.0005891454259515,0.31355872282452757
78,2026-04-17T17:23:49.318754,2470718.033148515,0.9865675046651297,1.0005891454259515,0.31355872282452757
79,2026-04-17T17:23:50.719671,2470718.033148515,0.9865675046651297,1.0005891454259515,0.31355872282452757
80,2026-04-17T17:23:52.096085,2470718.033148515,0.9865675046651297,1.0005891454259515,0.31355872282452757
81,2026-04-17T17:23:58.265430,1351912.528158252,0.38391506723839186,0.38772098523119986,0.3425557155280046
82,2026-04-17T17:23:59.701659,1246272.997549221,0.30274265374402787,0.3058528776152004,0.33568229951186085
83,2026-04-17T17:24:05.964544,1236047.244207645,0.2992437193216423,0.29422320251526335,0.4104788411682305
84,2026-04-17T17:24:07.807561,2473549.0479026083,0.9865865506140298,1.0075653739575934,0.3088902239668756
85,2026-04-17T17:24:09.129011,2473549.0479026083,0.9865865506140298,1.0075653739575934,0.3088902239668756
86,2026-04-17T17:24:10.461338,2473549.0479026083,0.9865865506140298,1.0075653739575934,0.3088902239668756
87,2026-04-17T17:24:11.799742,2473549.0479026083,0.9865865506140298,1.0075653739575934,0.3088902239668756
88,2026-04-17T17:24:13.167037,2473549.0479026083,0.9865865506140298,1.0075653739575934,0.3088902239668756
89,2026-04-17T17:24:19.553269,1226793.3869624157,0.2843186694594051,0.2918560447394644,0.3744246964154996
90,2026-04-17T17:24:25.812994,1287774.099646855,0.33451880925129585,0.3395349135844169,0.3382615054794965
91,2026-04-17T17:24:32.079879,1310231.0183698244,0.35079678321601915,0.35867747109054987,0.37421466098226663
92,2026-04-17T17:24:33.897496,2438322.9803816844,0.9735593940549616,0.9863049173202896,0.3164053229778775
93,2026-04-17T17:24:35.280268,2438322.9803816844,0.9735593940549616,0.9863049173202896,0.3164053229778775
94,2026-04-17T17:24:36.667508,2438322.9803816844,0.9735593940549616,0.9863049173202896,0.3164053229778775
95,2026-04-17T17:24:38.061045,2438322.9803816844,0.9735593940549616,0.9863049173202896,0.3164053229778775
96,2026-04-17T17:24:39.449085,2438322.9803816844,0.9735593940549616,0.9863049173202896,0.3164053229778775
97,2026-04-17T17:24:45.733157,1353345.7702915727,0.38712147263126695,0.386478978857427,0.3204479411572038
98,2026-04-17T17:24:47.193442,1442355.2747577424,0.4493757989424211,0.45203713214621255,0.33494701986475056
99,2026-04-17T17:24:53.475316,1207777.5457996796,0.2714182829602531,0.27395608152341144,0.4123340138060441
100,2026-04-17T17:24:55.297983,2440113.901230718,0.9739444005204756,0.9888220945168792,0.3150298838064244
101,2026-04-17T17:24:56.634206,2440113.901230718,0.9739444005204756,0.9888220945168792,0.3150298838064244
102,2026-04-17T17:24:57.969833,2440113.901230718,0.9739444005204756,0.9888220945168792,0.3150298838064244
103,2026-04-17T17:24:59.303744,2440113.901230718,0.9739444005204756,0.9888220945168792,0.3150298838064244
104,2026-04-17T17:25:00.667809,2440113.901230718,0.9739444005204756,0.9888220945168792,0.3150298838064244
105,2026-04-17T17:25:06.873682,1454367.5875259317,0.459621519740062,0.4567146066964332,0.332561604971486
106,2026-04-17T17:25:13.096507,1228173.1043931302,0.28907707844797526,0.29020158570800536,0.34549543322487875
107,2026-04-17T17:25:14.476488,1266942.9651490096,0.32087872477261425,0.32043463694455043,0.3520203640145274
108,2026-04-17T17:25:21.099261,2448712.1043063407,0.9758150919398861,1.000828577629494,0.31034031277750135
109,2026-04-17T17:25:22.431457,2448712.1043063407,0.9758150919398861,1.000828577629494,0.31034031277750135
110,2026-04-17T17:25:23.800423,2448712.1043063407,0.9758150919398861,1.000828577629494,0.31034031277750135
111,2026-04-17T17:25:25.215662,2448712.1043063407,0.9758150919398861,1.000828577629494,0.31034031277750135
112,2026-04-17T17:25:26.819006,2448712.1043063407,0.9758150919398861,1.000828577629494,0.31034031277750135
113,2026-04-17T17:25:28.194612,1324103.748951963,0.3646409476739069,0.3650435334942071,0.39643091113370243
114,2026-04-17T17:25:34.465873,1104796.6146712122,0.18289390489816354,0.1840022973080862,0.3639793900076714
115,2026-04-17T17:25:40.756709,1360391.544229239,0.39299291226107097,0.39107003998636386,0.42087830257627434
116,2026-04-17T17:25:42.575526,2441079.6263229805,0.9716789324909478,1.002951433807432,0.30865279771860377
117,2026-04-17T17:25:43.908160,2441079.6263229805,0.9716789324909478,1.002951433807432,0.30865279771860377
118,2026-04-17T17:25:45.239758,2441079.6263229805,0.9716789324909478,1.002951433807432,0.30865279771860377
119,2026-04-17T17:25:46.559284,2441079.6263229805,0.9716789324909478,1.002951433807432,0.30865279771860377
120,2026-04-17T17:25:47.906308,2441079.6263229805,0.9716789324909478,1.002951433807432,0.30865279771860377
121,2026-04-17T17:25:54.149357,1354470.1464422096,0.38708754244466864,0.38789058906475155,0.3808449097745398
122,2026-04-17T17:26:00.310407,1348306.5357277899,0.3839465522507748,0.3817682667753228,0.32734593492908504
123,2026-04-17T17:26:02.028843,1331546.6281983454,0.3693242933936376,0.3716844437194734,0.37325856790010015
124,2026-04-17T17:26:09.163912,2449013.207397468,0.974260453577993,1.0099262583041393,0.3074156758551978
125,2026-04-17T17:26:10.610537,2449013.207397468,0.974260453577993,1.0099262583041393,0.3074156758551978
126,2026-04-17T17:26:12.078184,2449013.207397468,0.974260453577993,1.0099262583041393,0.3074156758551978
127,2026-04-17T17:26:13.504180,2449013.207397468,0.974260453577993,1.0099262583041393,0.3074156758551978
128,2026-04-17T17:26:14.799403,2449013.207397468,0.974260453577993,1.0099262583041393,0.3074156758551978
129,2026-04-17T17:26:16.144552,1207251.7389238095,0.27060317476526285,0.2742387488038944,0.39647079440102184
130,2026-04-17T17:26:22.293567,1341977.3082413187,0.3754597422925407,0.3821946531606752,0.3413313642007523
131,2026-04-17T17:26:28.607004,1408059.431150651,0.4256217481997885,0.42779173033864765,0.34286871727227886
132,2026-04-17T17:26:30.473031,2447045.40990796,0.9746616807470787,1.0027338802470842,0.3143593532334805
133,2026-04-17T17:26:31.833508,2447045.40990796,0.9746616807470787,1.0027338802470842,0.3143593532334805
134,2026-04-17T17:26:33.163433,2447045.40990796,0.9746616807470787,1.0027338802470842,0.3143593532334805
135,2026-04-17T17:26:34.509005,2447045.40990796,0.9746616807470787,1.0027338802470842,0.3143593532334805
136,2026-04-17T17:26:35.838978,2447045.40990796,0.9746616807470787,1.0027338802470842,0.3143593532334805
137,2026-04-17T17:26:42.072239,1266067.6713053666,0.31689854605425694,0.32303250886126117,0.35088887145139175
138,2026-04-17T17:26:43.455589,1339583.9341581806,0.37578324136976615,0.3776886362708184,0.3311987385500792
139,2026-04-17T17:26:49.657230,1238120.557391713,0.2920559095881212,0.3024964562203398,0.351266504589122
140,2026-04-17T17:26:51.434936,2459714.6225210815,0.9788978678822245,1.012934857095982,0.30915174836287884
141,2026-04-17T17:26:52.811097,2459714.6225210815,0.9788978678822245,1.012934857095982,0.30915174836287884
142,2026-04-17T17:26:54.204735,2459714.6225210815,0.9788978678822245,1.012934857095982,0.30915174836287884
143,2026-04-17T17:26:55.654017,2459714.6225210815,0.9788978678822245,1.012934857095982,0.30915174836287884
144,2026-04-17T17:26:57.007288,2459714.6225210815,0.9788978678822245,1.012934857095982,0.30915174836287884
145,2026-04-17T17:27:03.880913,1295576.1819018011,0.33869909491951056,0.348185288999641,0.354789797375958
146,2026-04-17T17:27:10.080702,1303478.9756073416,0.34716749786777357,0.35150257849257427,0.3426275827766426
147,2026-04-17T17:27:16.249778,1324183.3682391427,0.3663840986530996,0.36333373172554734,0.35408035812606503
148,2026-04-17T17:27:18.117432,2440834.8805167316,0.9717894201366226,1.0018706704748321,0.315211756206031
149,2026-04-17T17:27:19.520546,2440834.8805167316,0.9717894201366226,1.0018706704748321,0.315211756206031
150,2026-04-17T17:27:20.912833,2440834.8805167316,0.9717894201366226,1.0018706704748321,0.315211756206031
151,2026-04-17T17:27:22.306197,2440834.8805167316,0.9717894201366226,1.0018706704748321,0.315211756206031
152,2026-04-17T17:27:23.687485,2440834.8805167316,0.9717894201366226,1.0018706704748321,0.315211756206031
153,2026-04-17T17:27:29.986211,1328970.8651512403,0.36641364562471157,0.3716983317095818,0.3461260165026601
154,2026-04-17T17:27:31.381991,1361055.965519898,0.39112146218086663,0.3948298214777571,0.36253104253242224
155,2026-04-17T17:27:37.897563,1314797.4446076343,0.35792676823512865,0.35803269079820765,0.343501937078294
156,2026-04-17T17:27:39.676402,2426980.931796599,0.9659638043660961,0.9967179915749084,0.3158379340731048
157,2026-04-17T17:27:41.076699,2426980.931796599,0.9659638043660961,0.9967179915749084,0.3158379340731048
158,2026-04-17T17:27:42.530465,2426980.931796599,0.9659638043660961,0.9967179915749084,0.3158379340731048
159,2026-04-17T17:27:43.869499,2426980.931796599,0.9659638043660961,0.9967179915749084,0.3158379340731048
160,2026-04-17T17:27:45.211705,2426980.931796599,0.9659638043660961,0.9967179915749084,0.3158379340731048
161,2026-04-17T17:27:51.572307,1344831.9117883288,0.37607971986703226,0.3862920222457635,0.3977895065907665
162,2026-04-17T17:27:58.046926,1321448.4386836477,0.3603116192536106,0.3655980833974972,0.3524301007081696
163,2026-04-17T17:28:04.294779,1354724.4035021558,0.38586661691936897,0.3904482147212009,0.31725143064553174
164,2026-04-17T17:28:06.143421,2394113.6391673484,0.9523154948401438,0.9826803697993478,0.31761700875716853
165,2026-04-17T17:28:07.504341,2394113.6391673484,0.9523154948401438,0.9826803697993478,0.31761700875716853
166,2026-04-17T17:28:08.859715,2394113.6391673484,0.9523154948401438,0.9826803697993478,0.31761700875716853
167,2026-04-17T17:28:10.188657,2394113.6391673484,0.9523154948401438,0.9826803697993478,0.31761700875716853
168,2026-04-17T17:28:11.588253,2394113.6391673484,0.9523154948401438,0.9826803697993478,0.31761700875716853
169,2026-04-17T17:28:17.987956,1193230.656633463,0.2583878240372001,0.2625941072749109,0.39872079822902917
170,2026-04-17T17:28:19.454902,1389821.0907490524,0.41509594112292736,0.4105142485374858,0.3672331454560052
171,2026-04-17T17:28:25.760547,1294234.359081147,0.339405720236717,0.3449983237242644,0.3400643557357087
172,2026-04-17T17:28:27.634628,2398388.412839075,0.9542371187571802,0.9838454852519238,0.31961508548893763
173,2026-04-17T17:28:29.041804,2398388.412839075,0.9542371187571802,0.9838454852519238,0.31961508548893763
174,2026-04-17T17:28:30.435423,2398388.412839075,0.9542371187571802,0.9838454852519238,0.31961508548893763
175,2026-04-17T17:28:31.802738,2398388.412839075,0.9542371187571802,0.9838454852519238,0.31961508548893763
176,2026-04-17T17:28:33.189239,2398388.412839075,0.9542371187571802,0.9838454852519238,0.31961508548893763
177,2026-04-17T17:28:39.906801,1357048.456220191,0.38812367527195707,0.3911229615986387,0.3191269852133022
178,2026-04-17T17:28:46.626618,1274042.987386293,0.3277765849331946,0.3254512377561193,0.3547094835836792
179,2026-04-17T17:28:48.200976,1429762.76763757,0.4428070067564957,0.43968014018843027,0.32571716074820767
180,2026-04-17T17:28:55.577404,2388038.197246273,0.9494048589308186,0.9820454987970404,0.321856402536277
181,2026-04-17T17:28:56.960685,2388038.197246273,0.9494048589308186,0.9820454987970404,0.321856402536277
182,2026-04-17T17:28:58.297724,2388038.197246273,0.9494048589308186,0.9820454987970404,0.321856402536277
183,2026-04-17T17:28:59.683841,2388038.197246273,0.9494048589308186,0.9820454987970404,0.321856402536277
184,2026-04-17T17:29:01.291698,2388038.197246273,0.9494048589308186,0.9820454987970404,0.321856402536277
185,2026-04-17T17:29:02.846925,1295246.0122096175,0.3445491679316315,0.3413957482969331,0.3828788592651283
186,2026-04-17T17:29:09.449954,1208769.5153399294,0.27548104786612937,0.27271896137674595,0.3853207772691942
187,2026-04-17T17:29:16.085196,1197356.841604034,0.264621803327226,0.264046598035398,0.4036694878438692
188,2026-04-17T17:29:18.033263,2388034.363794729,0.9491647581049005,0.9832409337189526,0.32103535526518634
189,2026-04-17T17:29:19.435507,2388034.363794729,0.9491647581049005,0.9832409337189526,0.32103535526518634
190,2026-04-17T17:29:20.786755,2388034.363794729,0.9491647581049005,0.9832409337189526,0.32103535526518634
191,2026-04-17T17:29:22.180848,2388034.363794729,0.9491647581049005,0.9832409337189526,0.32103535526518634
192,2026-04-17T17:29:23.545245,2388034.363794729,0.9491647581049005,0.9832409337189526,0.32103535526518634
193,2026-04-17T17:29:29.828304,1321786.8835305418,0.36405965363363907,0.3624250883483729,0.3819609726685528
194,2026-04-17T17:29:36.425031,1374330.2231920534,0.40508529965326723,0.3984369957487803,0.3643950251633659
195,2026-04-17T17:29:37.910621,1229798.0720641618,0.29178393695752836,0.2908437498110616,0.40270679962744116
196,2026-04-17T17:29:44.506495,2424450.2136358805,0.9644323446604142,0.9982580135877083,0.3218010671745901
197,2026-04-17T17:29:45.879845,2424450.2136358805,0.9644323446604142,0.9982580135877083,0.3218010671745901
198,2026-04-17T17:29:47.376674,2424450.2136358805,0.9644323446604142,0.9982580135877083,0.3218010671745901
199,2026-04-17T17:29:48.834977,2424450.2136358805,0.9644323446604142,0.9982580135877083,0.3218010671745901
200,2026-04-17T17:29:50.214121,2424450.2136358805,0.9644323446604142,0.9982580135877083,0.3218010671745901
201,2026-04-17T17:29:51.645484,1326756.9181908662,0.3648194180421924,0.36919592058945766,0.29954985545310175
202,2026-04-17T17:29:58.154828,1315816.5866237388,0.3545284763200282,0.3636708596075004,0.37130072059820785
203,2026-04-17T17:30:04.625162,1241193.878998709,0.30221232942003506,0.29913432111278093,0.3834112321179801
204,2026-04-17T17:30:06.542253,2424566.896303439,0.9651260395147208,0.9949865692828633,0.3250007602845698
205,2026-04-17T17:30:07.920164,2424566.896303439,0.9651260395147208,0.9949865692828633,0.3250007602845698
206,2026-04-17T17:30:09.329857,2424566.896303439,0.9651260395147208,0.9949865692828633,0.3250007602845698
207,2026-04-17T17:30:10.718782,2424566.896303439,0.9651260395147208,0.9949865692828633,0.3250007602845698
208,2026-04-17T17:30:12.097688,2424566.896303439,0.9651260395147208,0.9949865692828633,0.3250007602845698
209,2026-04-17T17:30:18.558666,1210090.7535222708,0.2728853116466371,0.27625388014686814,0.39838212462523814
210,2026-04-17T17:30:19.928431,1308980.8908770732,0.35372230326086,0.3531358170246979,0.30533112992671996
211,2026-04-17T17:30:26.382619,1292457.6623479621,0.341020348965489,0.3405182751239608,0.36050928978136726
212,2026-04-17T17:30:28.316598,2380843.052354472,0.9466837999184177,0.977421567771535,0.3268908233983181
213,2026-04-17T17:30:29.669327,2380843.052354472,0.9466837999184177,0.977421567771535,0.3268908233983181
214,2026-04-17T17:30:31.038393,2380843.052354472,0.9466837999184177,0.977421567771535,0.3268908233983181
215,2026-04-17T17:30:32.359767,2380843.052354472,0.9466837999184177,0.977421567771535,0.3268908233983181
216,2026-04-17T17:30:33.687441,2380843.052354472,0.9466837999184177,0.977421567771535,0.3268908233983181
217,2026-04-17T17:30:40.161269,1291394.3528822993,0.3371833280451946,0.3427232842474727,0.3453787779944911
218,2026-04-17T17:30:46.636804,1315372.1928866673,0.3581681374638501,0.3580085888023906,0.3364749596975667
219,2026-04-17T17:30:53.086799,1462820.376699712,0.4655355576625218,0.4627515534804781,0.31144415097712214
220,2026-04-17T17:30:54.932629,2398119.10168896,0.9538320330210346,0.9853044682951531,0.32592055034437745
221,2026-04-17T17:30:56.306910,2398119.10168896,0.9538320330210346,0.9853044682951531,0.32592055034437745
222,2026-04-17T17:30:57.693454,2398119.10168896,0.9538320330210346,0.9853044682951531,0.32592055034437745
223,2026-04-17T17:30:59.059900,2398119.10168896,0.9538320330210346,0.9853044682951531,0.32592055034437745
224,2026-04-17T17:31:00.438534,2398119.10168896,0.9538320330210346,0.9853044682951531,0.32592055034437745
225,2026-04-17T17:31:06.936292,1449780.642795429,0.4545627421855317,0.457379398511218,0.3156904996720376
226,2026-04-17T17:31:08.361327,1251215.4464438302,0.306890818393642,0.30912088406430493,0.3670541777032911
227,2026-04-17T17:31:14.821714,1358043.3287760993,0.3884099888221333,0.3928677413182003,0.3653940665802714
228,2026-04-17T17:31:16.686463,2438907.2388113686,0.9707330933793257,1.0025270158405366,0.32336112546435375
229,2026-04-17T17:31:18.076514,2438907.2388113686,0.9707330933793257,1.0025270158405366,0.32336112546435375
230,2026-04-17T17:31:19.463401,2438907.2388113686,0.9707330933793257,1.0025270158405366,0.32336112546435375
231,2026-04-17T17:31:20.833823,2438907.2388113686,0.9707330933793257,1.0025270158405366,0.32336112546435375
232,2026-04-17T17:31:22.207154,2438907.2388113686,0.9707330933793257,1.0025270158405366,0.32336112546435375
233,2026-04-17T17:31:28.827650,1239008.6524459438,0.2953895174178086,0.30084890908994905,0.3239358261779049
234,2026-04-17T17:31:35.422201,1362650.3305531298,0.3922434801625134,0.3953820976918461,0.3570217152284473
235,2026-04-17T17:31:36.830345,1295603.0751662985,0.3434759986890248,0.34307648510136524,0.3916555982456355
236,2026-04-17T17:31:43.551748,2401294.7489859383,0.9557963094243389,0.9833161678260378,0.3256284567979741
237,2026-04-17T17:31:44.918075,2401294.7489859383,0.9557963094243389,0.9833161678260378,0.3256284567979741
238,2026-04-17T17:31:46.255435,2401294.7489859383,0.9557963094243389,0.9833161678260378,0.3256284567979741
239,2026-04-17T17:31:47.646817,2401294.7489859383,0.9557963094243389,0.9833161678260378,0.3256284567979741
240,2026-04-17T17:31:49.008935,2401294.7489859383,0.9557963094243389,0.9833161678260378,0.3256284567979741
241,2026-04-17T17:31:50.406098,1271525.8717926804,0.32539578666147817,0.3236907907598585,0.4168833432875169
242,2026-04-17T17:31:56.611860,1488612.5871863454,0.4793326498129483,0.4865918454614544,0.2913137677734025
243,2026-04-17T17:32:03.456049,1342204.6686442997,0.37647493436601565,0.3804881297188431,0.29972311173324523
244,2026-04-17T17:32:05.598274,2397967.057260147,0.9544873816881795,0.9815068400960143,0.32859302544141405
245,2026-04-17T17:32:06.969036,2397967.057260147,0.9544873816881795,0.9815068400960143,0.32859302544141405
246,2026-04-17T17:32:08.261023,2397967.057260147,0.9544873816881795,0.9815068400960143,0.32859302544141405
247,2026-04-17T17:32:09.513847,2397967.057260147,0.9544873816881795,0.9815068400960143,0.32859302544141405
248,2026-04-17T17:32:10.779391,2397967.057260147,0.9544873816881795,0.9815068400960143,0.32859302544141405
249,2026-04-17T17:32:17.421389,1193419.1754151718,0.26080415217083636,0.2612044567394251,0.4118417057808424
250,2026-04-17T17:32:24.417992,1366441.6701962037,0.39489147692189885,0.3986057941181221,0.2950896417541018
251,2026-04-17T17:32:26.032857,1391576.5611325505,0.4145039679968649,0.41503889892078616,0.3394551844937722
252,2026-04-17T17:32:33.522723,2381114.553112855,0.9479031472665564,0.9718847377493851,0.3303008855748428
253,2026-04-17T17:32:35.065495,2381114.553112855,0.9479031472665564,0.9718847377493851,0.3303008855748428
254,2026-04-17T17:32:36.618484,2381114.553112855,0.9479031472665564,0.9718847377493851,0.3303008855748428
255,2026-04-17T17:32:38.181906,2381114.553112855,0.9479031472665564,0.9718847377493851,0.3303008855748428
256,2026-04-17T17:32:39.805315,2381114.553112855,0.9479031472665564,0.9718847377493851,0.3303008855748428
257,2026-04-17T17:32:41.436840,1256305.0741503616,0.31085847091518115,0.3135660747808297,0.3439588562266788
258,2026-04-17T17:32:48.391927,1370970.9454002324,0.39897792005592225,0.40115806699804746,0.3633078815917965
259,2026-04-17T17:32:55.167313,1319118.652634486,0.3572205811577778,0.36605377557252156,0.39722516521648266
260,2026-04-17T17:32:56.953482,2395453.7311559576,0.9536457514568119,0.9793654850565249,0.3281322024228517
261,2026-04-17T17:32:58.281598,2395453.7311559576,0.9536457514568119,0.9793654850565249,0.3281322024228517
262,2026-04-17T17:32:59.609715,2395453.7311559576,0.9536457514568119,0.9793654850565249,0.3281322024228517
263,2026-04-17T17:33:00.915566,2395453.7311559576,0.9536457514568119,0.9793654850565249,0.3281322024228517
264,2026-04-17T17:33:02.191041,2395453.7311559576,0.9536457514568119,0.9793654850565249,0.3281322024228517
265,2026-04-17T17:33:08.268522,1355492.2528898283,0.38874706344239607,0.38774214038336036,0.3242127013780333
266,2026-04-17T17:33:14.544812,1343137.3897263268,0.37829454444258603,0.380690080000064,0.33681017680899816
267,2026-04-17T17:33:16.069499,1352569.365384276,0.38244689130117315,0.3912364534134762,0.33400419072426074
268,2026-04-17T17:33:23.061172,2386216.3728121514,0.9484719822133494,0.9821364515575014,0.3263052305065152
269,2026-04-17T17:33:24.513496,2386216.3728121514,0.9484719822133494,0.9821364515575014,0.3263052305065152
270,2026-04-17T17:33:25.967364,2386216.3728121514,0.9484719822133494,0.9821364515575014,0.3263052305065152
271,2026-04-17T17:33:27.420834,2386216.3728121514,0.9484719822133494,0.9821364515575014,0.3263052305065152
272,2026-04-17T17:33:28.845382,2386216.3728121514,0.9484719822133494,0.9821364515575014,0.3263052305065152
273,2026-04-17T17:33:30.377229,1371338.9640001864,0.3994856402482002,0.40122223489713066,0.362649695845368
274,2026-04-17T17:33:37.000013,1295365.313585878,0.33993427428848777,0.34624831997366634,0.3155104122710272
275,2026-04-17T17:33:43.630569,1329239.3590311336,0.3674309397221744,0.37021108333725883,0.3538427547807399
276,2026-04-17T17:33:45.546092,2385516.2648982755,0.9478915766811911,0.9833615999800486,0.32588298896516
277,2026-04-17T17:33:46.974438,2385516.2648982755,0.9478915766811911,0.9833615999800486,0.32588298896516
278,2026-04-17T17:33:48.413241,2385516.2648982755,0.9478915766811911,0.9833615999800486,0.32588298896516
279,2026-04-17T17:33:49.898536,2385516.2648982755,0.9478915766811911,0.9833615999800486,0.32588298896516
280,2026-04-17T17:33:51.345156,2385516.2648982755,0.9478915766811911,0.9833615999800486,0.32588298896516
281,2026-04-17T17:33:58.042741,1342131.8499264137,0.3742582719776484,0.38363498016559927,0.3099482583236339
282,2026-04-17T17:33:59.484757,1580831.1008889314,0.5416597700162786,0.5426899556644817,0.3054962223008698
283,2026-04-17T17:34:06.239114,1287454.869383491,0.3345151201644329,0.3391666096217041,0.4177256402899693
284,2026-04-17T17:34:08.107009,2409917.590812164,0.9585995900396905,0.9911100157624054,0.3251684252648355
285,2026-04-17T17:34:09.508900,2409917.590812164,0.9585995900396905,0.9911100157624054,0.3251684252648355
286,2026-04-17T17:34:10.968145,2409917.590812164,0.9585995900396905,0.9911100157624054,0.3251684252648355
287,2026-04-17T17:34:12.387750,2409917.590812164,0.9585995900396905,0.9911100157624054,0.3251684252648355
288,2026-04-17T17:34:13.785809,2409917.590812164,0.9585995900396905,0.9911100157624054,0.3251684252648355
289,2026-04-17T17:34:20.816583,1393570.1811753628,0.4109333716172596,0.4237891356593259,0.31862108991701715
290,2026-04-17T17:34:27.123653,1140145.4072850796,0.21383475386709333,0.21600253792310817,0.40897252055059796
291,2026-04-17T17:34:33.520863,1318752.864695461,0.35899242905662787,0.36281145441435025,0.31859850643009396
292,2026-04-17T17:34:35.384888,2524655.652602902,1.006349461692551,1.0324621902970186,0.32020541844179407
293,2026-04-17T17:34:36.787514,2524655.652602902,1.006349461692551,1.0324621902970186,0.32020541844179407
294,2026-04-17T17:34:38.161451,2524655.652602902,1.006349461692551,1.0324621902970186,0.32020541844179407
295,2026-04-17T17:34:39.556899,2524655.652602902,1.006349461692551,1.0324621902970186,0.32020541844179407
296,2026-04-17T17:34:41.055306,2524655.652602902,1.006349461692551,1.0324621902970186,0.32020541844179407
297,2026-04-17T17:34:47.590642,1355976.5592821317,0.38557059675162275,0.3930238869715385,0.3367783267202316
298,2026-04-17T17:34:49.090681,1541816.3509279499,0.5129168166206027,0.5263527242662441,0.33772155083856653
299,2026-04-17T17:34:55.881906,1315315.791220327,0.3532295564298239,0.36448691291998164,0.32306583773978725
300,2026-04-17T17:34:57.673515,2525566.2683971296,1.0052666624148354,1.0407258307129352,0.3141054247779124
301,2026-04-17T17:34:59.024416,2525566.2683971296,1.0052666624148354,1.0407258307129352,0.3141054247779124
302,2026-04-17T17:35:00.385775,2525566.2683971296,1.0052666624148354,1.0407258307129352,0.3141054247779124
303,2026-04-17T17:35:01.777948,2525566.2683971296,1.0052666624148354,1.0407258307129352,0.3141054247779124
304,2026-04-17T17:35:03.226673,2525566.2683971296,1.0052666624148354,1.0407258307129352,0.3141054247779124
305,2026-04-17T17:35:09.640943,1281517.276207228,0.3278327833458363,0.336791455707948,0.3748775042385841
306,2026-04-17T17:35:15.987905,1375702.1804252649,0.4019413935581523,0.4046678013703568,0.3159848254909607
307,2026-04-17T17:35:17.460587,1337320.5106249666,0.3721145975859173,0.3786068098383261,0.35544161252599427
308,2026-04-17T17:35:24.330178,2525769.521208072,1.0055320675862192,1.0397798250068442,0.3129886530574743
309,2026-04-17T17:35:25.665709,2525769.521208072,1.0055320675862192,1.0397798250068442,0.3129886530574743
310,2026-04-17T17:35:27.020336,2525769.521208072,1.0055320675862192,1.0397798250068442,0.3129886530574743
311,2026-04-17T17:35:28.480908,2525769.521208072,1.0055320675862192,1.0397798250068442,0.3129886530574743
312,2026-04-17T17:35:29.892420,2525769.521208072,1.0055320675862192,1.0397798250068442,0.3129886530574743
313,2026-04-17T17:35:31.368570,1348721.0027145818,0.38176220708292763,0.3854634913994052,0.3212857577295859
314,2026-04-17T17:35:37.987415,1461659.4364676757,0.45857388317177217,0.4735620852931597,0.3165829023155788
315,2026-04-17T17:35:44.674990,1379912.925561929,0.40506697500756583,0.40821327643562827,0.35158614436677293
316,2026-04-17T17:35:46.572100,2597591.788725108,1.0331935782834565,1.0710186856062045,0.30864072437798007
317,2026-04-17T17:35:47.984737,2597591.788725108,1.0331935782834565,1.0710186856062045,0.30864072437798007
318,2026-04-17T17:35:49.358730,2597591.788725108,1.0331935782834565,1.0710186856062045,0.30864072437798007
319,2026-04-17T17:35:50.857079,2597591.788725108,1.0331935782834565,1.0710186856062045,0.30864072437798007
320,2026-04-17T17:35:52.281262,2597591.788725108,1.0331935782834565,1.0710186856062045,0.30864072437798007
321,2026-04-17T17:35:58.522182,1356845.4264008792,0.38830512665996,0.3909879124467139,0.3554622629775057
322,2026-04-17T17:36:04.838082,1376540.0088673413,0.404136780053316,0.40308239501531223,0.32192676666366826
323,2026-04-17T17:36:06.290390,1282227.9665424216,0.33022860558126443,0.3354634101899554,0.329720686754439
324,2026-04-17T17:36:13.096587,2560807.6188478298,1.0184358824113529,1.059086278843985,0.3086618604923642
325,2026-04-17T17:36:14.487963,2560807.6188478298,1.0184358824113529,1.059086278843985,0.3086618604923642
326,2026-04-17T17:36:15.877751,2560807.6188478298,1.0184358824113529,1.059086278843985,0.3086618604923642
327,2026-04-17T17:36:17.199236,2560807.6188478298,1.0184358824113529,1.059086278843985,0.3086618604923642
328,2026-04-17T17:36:18.503101,2560807.6188478298,1.0184358824113529,1.059086278843985,0.3086618604923642
329,2026-04-17T17:36:19.830827,1259222.0357874583,0.3127980216015489,0.31670127208735765,0.4031870652013455
330,2026-04-17T17:36:25.895672,1334913.8330348164,0.3713182231991298,0.3752019652388769,0.3575127284105553
331,2026-04-17T17:36:32.179805,1392794.7756602669,0.41382536985750606,0.41828298993423624,0.34961395624978253
332,2026-04-17T17:36:33.915973,2608601.909300741,1.0363679614241765,1.0816571564750654,0.30538098526500335
333,2026-04-17T17:36:35.278274,2608601.909300741,1.0363679614241765,1.0816571564750654,0.30538098526500335
334,2026-04-17T17:36:36.631479,2608601.909300741,1.0363679614241765,1.0816571564750654,0.30538098526500335
335,2026-04-17T17:36:37.980290,2608601.909300741,1.0363679614241765,1.0816571564750654,0.30538098526500335
336,2026-04-17T17:36:39.349864,2608601.909300741,1.0363679614241765,1.0816571564750654,0.30538098526500335
337,2026-04-17T17:36:45.630115,1427445.8612542446,0.441974257565356,0.4369925573464105,0.3287177766774353
338,2026-04-17T17:36:52.057994,1402430.2666086396,0.41987224553965874,0.4266831520438692,0.34291518308802976
339,2026-04-17T17:36:53.704225,1359869.9120522458,0.38926341198896774,0.3947054359954512,0.35251174473583174
340,2026-04-17T17:36:55.739392,2568147.454559534,1.0210153748526398,1.0637070518966383,0.3090691593306014
341,2026-04-17T17:36:57.143547,2568147.454559534,1.0210153748526398,1.0637070518966383,0.3090691593306014
342,2026-04-17T17:36:58.534968,2568147.454559534,1.0210153748526398,1.0637070518966383,0.3090691593306014
343,2026-04-17T17:36:59.832073,2568147.454559534,1.0210153748526398,1.0637070518966383,0.3090691593306014
344,2026-04-17T17:37:01.079884,2568147.454559534,1.0210153748526398,1.0637070518966383,0.3090691593306014
345,2026-04-17T17:37:07.083774,1232411.4656771328,0.2905108697438338,0.29545503879552765,0.38018042602442115
346,2026-04-17T17:37:13.375652,1244460.882874324,0.29998341313876187,0.3053434226335892,0.410336222743914
347,2026-04-17T17:37:19.783715,1392934.0685781208,0.41289268781657074,0.41945468030921024,0.30266161061043395
348,2026-04-17T17:37:21.730939,2554287.1202536663,1.0139740813066054,1.0676144222126946,0.306250155343722
349,2026-04-17T17:37:23.088465,2554287.1202536663,1.0139740813066054,1.0676144222126946,0.306250155343722
350,2026-04-17T17:37:24.453776,2554287.1202536663,1.0139740813066054,1.0676144222126946,0.306250155343722
351,2026-04-17T17:37:25.801107,2554287.1202536663,1.0139740813066054,1.0676144222126946,0.306250155343722
352,2026-04-17T17:37:27.155727,2554287.1202536663,1.0139740813066054,1.0676144222126946,0.306250155343722
353,2026-04-17T17:37:33.527736,1317749.9636667164,0.3575030433752021,0.36304954489740054,0.40320701390250846
354,2026-04-17T17:37:34.962468,1278598.9192897072,0.3274727366492978,0.33265070036740585,0.35014317426635516
355,2026-04-17T17:37:41.556416,1333190.8642282083,0.36962993915215403,0.37459190318331487,0.3742042626925546
356,2026-04-17T17:37:43.467194,2549981.507384021,1.012438213468864,1.0649459013378686,0.30826926269599986
357,2026-04-17T17:37:44.810723,2549981.507384021,1.012438213468864,1.0649459013378686,0.30826926269599986
358,2026-04-17T17:37:46.199820,2549981.507384021,1.012438213468864,1.0649459013378686,0.30826926269599986
359,2026-04-17T17:37:47.647475,2549981.507384021,1.012438213468864,1.0649459013378686,0.30826926269599986
360,2026-04-17T17:37:49.100734,2549981.507384021,1.012438213468864,1.0649459013378686,0.30826926269599986
361,2026-04-17T17:37:55.420986,1227597.1365443938,0.287732048954842,0.29040010674422384,0.38835137609090387
362,2026-04-17T17:38:01.894609,1505289.1586799258,0.49321902262982437,0.49343143116915356,0.36866354028455717
363,2026-04-17T17:38:08.488690,1357326.3997644552,0.3869338585516811,0.39353841705764836,0.3505150884057383
364,2026-04-17T17:38:10.421524,2506377.5251310305,0.99560297674566,1.044367570324146,0.30834123976046435
365,2026-04-17T17:38:11.846205,2506377.5251310305,0.99560297674566,1.044367570324146,0.30834123976046435
366,2026-04-17T17:38:13.299279,2506377.5251310305,0.99560297674566,1.044367570324146,0.30834123976046435
367,2026-04-17T17:38:14.746024,2506377.5251310305,0.99560297674566,1.044367570324146,0.30834123976046435
368,2026-04-17T17:38:16.117899,2506377.5251310305,0.99560297674566,1.044367570324146,0.30834123976046435
369,2026-04-17T17:38:22.300109,1234534.3786119113,0.2938296589624716,0.2956626267433471,0.3685571607543351
370,2026-04-17T17:38:23.693357,1207444.5596275285,0.2718538706563546,0.273401975514066,0.4210856718498741
371,2026-04-17T17:38:30.100094,1398614.9638740618,0.41725659414983796,0.4229400888923508,0.31138510506078393
372,2026-04-17T17:38:31.935900,2476901.967335533,0.9833738123304896,1.034150209856218,0.3074038334468005
373,2026-04-17T17:38:33.346530,2476901.967335533,0.9833738123304896,1.034150209856218,0.3074038334468005
374,2026-04-17T17:38:34.875600,2476901.967335533,0.9833738123304896,1.034150209856218,0.3074038334468005
375,2026-04-17T17:38:36.221418,2476901.967335533,0.9833738123304896,1.034150209856218,0.3074038334468005
376,2026-04-17T17:38:37.549643,2476901.967335533,0.9833738123304896,1.034150209856218,0.3074038334468005
377,2026-04-17T17:38:43.839677,1532843.8672942612,0.5103049786079477,0.5136784389457303,0.333953564936787
378,2026-04-17T17:38:50.071215,1500974.5069800047,0.4878239401404869,0.4951490885525073,0.3091622359545354
379,2026-04-17T17:38:51.459375,1377845.8843933747,0.40142237932778435,0.4089867897181901,0.3233200003033521
380,2026-04-17T17:38:58.174652,2440113.9995710608,0.9674827459105846,1.023628586010787,0.3049814482839294
381,2026-04-17T17:38:59.525076,2440113.9995710608,0.9674827459105846,1.023628586010787,0.3049814482839294
382,2026-04-17T17:39:00.893154,2440113.9995710608,0.9674827459105846,1.023628586010787,0.3049814482839294
383,2026-04-17T17:39:02.275233,2440113.9995710608,0.9674827459105846,1.023628586010787,0.3049814482839294
384,2026-04-17T17:39:03.642226,2440113.9995710608,0.9674827459105846,1.023628586010787,0.3049814482839294
385,2026-04-17T17:39:05.078729,1234730.2326259557,0.2896272910975871,0.29975341762901364,0.3541125983331371
386,2026-04-17T17:39:11.337899,1385919.2632009245,0.40950525433553925,0.41254957862191727,0.35823418616411706
387,2026-04-17T17:39:17.682146,1430024.5570149529,0.4419577407264599,0.4422720295056842,0.3504185875338094
388,2026-04-17T17:39:19.532335,2432383.1311735967,0.9633427250537195,1.0258294065992994,0.30023780861482235
389,2026-04-17T17:39:20.864571,2432383.1311735967,0.9633427250537195,1.0258294065992994,0.30023780861482235
390,2026-04-17T17:39:22.176848,2432383.1311735967,0.9633427250537195,1.0258294065992994,0.30023780861482235
391,2026-04-17T17:39:23.497098,2432383.1311735967,0.9633427250537195,1.0258294065992994,0.30023780861482235
392,2026-04-17T17:39:24.819407,2432383.1311735967,0.9633427250537195,1.0258294065992994,0.30023780861482235
393,2026-04-17T17:39:31.279367,1421219.3036299683,0.4325786855897782,0.4409258718564116,0.30898489052341305
394,2026-04-17T17:39:37.879822,1541801.296413657,0.5141389734376318,0.5235415570486687,0.33467740432802257
395,2026-04-17T17:39:39.379147,1473950.7533556987,0.472256044561696,0.47186260573186417,0.31484261255117163
396,2026-04-17T17:39:46.241811,2451831.0933506466,0.9715023545273505,1.033189790395613,0.3011027834004437
397,2026-04-17T17:39:47.571704,2451831.0933506466,0.9715023545273505,1.033189790395613,0.3011027834004437
398,2026-04-17T17:39:48.864264,2451831.0933506466,0.9715023545273505,1.033189790395613,0.3011027834004437
399,2026-04-17T17:39:50.239783,2451831.0933506466,0.9715023545273505,1.033189790395613,0.3011027834004437
400,2026-04-17T17:39:51.694948,2451831.0933506466,0.9715023545273505,1.033189790395613,0.3011027834004437
401,2026-04-17T17:39:53.188952,1380267.3968423686,0.4063316286963701,0.4063383414401229,0.35030155685224684
402,2026-04-17T17:39:59.588227,1444962.691128149,0.44741374000466616,0.46100857517632804,0.3408514683498393
403,2026-04-17T17:40:05.802855,1255391.050352421,0.3072587401123683,0.3156697525887856,0.37656990400715085
404,2026-04-17T17:40:07.758991,2473646.1122025778,0.9805587366869863,1.0415145898032552,0.302924486357787
405,2026-04-17T17:40:09.171175,2473646.1122025778,0.9805587366869863,1.0415145898032552,0.302924486357787
406,2026-04-17T17:40:10.909240,2473646.1122025778,0.9805587366869863,1.0415145898032552,0.302924486357787
407,2026-04-17T17:40:12.454316,2473646.1122025778,0.9805587366869863,1.0415145898032552,0.302924486357787
408,2026-04-17T17:40:13.894682,2473646.1122025778,0.9805587366869863,1.0415145898032552,0.302924486357787
409,2026-04-17T17:40:20.308853,1387104.8854513727,0.40641163370948175,0.4193796416294019,0.3170591738467545
410,2026-04-17T17:40:21.717189,1390721.02539888,0.413007861190557,0.41547808342249865,0.3912620211020854
411,2026-04-17T17:40:28.171716,1359298.2138293076,0.387978842304055,0.39600921169601355,0.3369628164090718
412,2026-04-17T17:40:29.992094,2498752.524158687,0.990767923039235,1.0516497090399337,0.3056072645581611
413,2026-04-17T17:40:31.331632,2498752.524158687,0.990767923039235,1.0516497090399337,0.3056072645581611
414,2026-04-17T17:40:32.808092,2498752.524158687,0.990767923039235,1.0516497090399337,0.3056072645581611
415,2026-04-17T17:40:34.244547,2498752.524158687,0.990767923039235,1.0516497090399337,0.3056072645581611
416,2026-04-17T17:40:35.703101,2498752.524158687,0.990767923039235,1.0516497090399337,0.3056072645581611
417,2026-04-17T17:40:42.201059,1343553.6362212826,0.3776053897084712,0.3819978872774534,0.37105194885351234
418,2026-04-17T17:40:48.910140,1448009.5032567193,0.4530567450052565,0.4566342406705857,0.3360949483876157
419,2026-04-17T17:40:55.448006,1494755.173746309,0.4833689282019921,0.4912043528819715,0.3189303729770915
420,2026-04-17T17:40:57.301404,2478644.213455219,0.9819158334750372,1.0476018301378147,0.29948973353996194
421,2026-04-17T17:40:58.625473,2478644.213455219,0.9819158334750372,1.0476018301378147,0.29948973353996194
422,2026-04-17T17:41:00.078635,2478644.213455219,0.9819158334750372,1.0476018301378147,0.29948973353996194
423,2026-04-17T17:41:01.547127,2478644.213455219,0.9819158334750372,1.0476018301378147,0.29948973353996194
424,2026-04-17T17:41:02.948553,2478644.213455219,0.9819158334750372,1.0476018301378147,0.29948973353996194
425,2026-04-17T17:41:09.592433,1327871.2745133678,0.36541812601185475,0.37085875376041805,0.34106761164394733
426,2026-04-17T17:41:11.097844,1505556.4728900725,0.490107074962997,0.49987358824175465,0.3118519704431794
427,2026-04-17T17:41:17.544754,1352782.7828177446,0.3848157912372657,0.3886951096142916,0.3427134201498203
428,2026-04-17T17:41:19.334684,2472174.888269748,0.9795670182160764,1.0432694669450087,0.3042710704713123
429,2026-04-17T17:41:20.692822,2472174.888269748,0.9795670182160764,1.0432694669450087,0.3042710704713123
430,2026-04-17T17:41:22.101039,2472174.888269748,0.9795670182160764,1.0432694669450087,0.3042710704713123
431,2026-04-17T17:41:23.486212,2472174.888269748,0.9795670182160764,1.0432694669450087,0.3042710704713123
432,2026-04-17T17:41:24.855828,2472174.888269748,0.9795670182160764,1.0432694669450087,0.3042710704713123
433,2026-04-17T17:41:31.223893,1451614.6317008077,0.4521826266653853,0.4651790517650613,0.2996891705918954
434,2026-04-17T17:41:37.612318,1278526.9900888284,0.32526979093458397,0.33448786114026025,0.3562836470145536
435,2026-04-17T17:41:43.924857,1235609.0041664022,0.2952387278547616,0.29636225763549223,0.3747842942848857
436,2026-04-17T17:41:45.831524,2479806.985329951,0.98333895307022,1.042517641859579,0.30489463134398825
437,2026-04-17T17:41:47.225784,2479806.985329951,0.98333895307022,1.042517641859579,0.30489463134398825
438,2026-04-17T17:41:48.594124,2479806.985329951,0.98333895307022,1.042517641859579,0.30489463134398825
439,2026-04-17T17:41:49.945518,2479806.985329951,0.98333895307022,1.042517641859579,0.30489463134398825
440,2026-04-17T17:41:51.279665,2479806.985329951,0.98333895307022,1.042517641859579,0.30489463134398825
441,2026-04-17T17:41:57.690016,1502435.6616167182,0.4929483342842073,0.4882268298691621,0.34860144197334897
442,2026-04-17T17:41:59.206639,1450873.862278369,0.45314313362035463,0.4624809539076104,0.34818684996450155
443,2026-04-17T17:42:05.661249,1382469.2090870896,0.4045482838847404,0.4134374929280415,0.3504633092698669
444,2026-04-17T17:42:07.458525,2473489.8916273583,0.980403494969616,1.0420455472335712,0.3033358026732962
445,2026-04-17T17:42:08.852501,2473489.8916273583,0.980403494969616,1.0420455472335712,0.3033358026732962
446,2026-04-17T17:42:10.258637,2473489.8916273583,0.980403494969616,1.0420455472335712,0.3033358026732962
447,2026-04-17T17:42:11.634486,2473489.8916273583,0.980403494969616,1.0420455472335712,0.3033358026732962
448,2026-04-17T17:42:12.985824,2473489.8916273583,0.980403494969616,1.0420455472335712,0.3033358026732962
449,2026-04-17T17:42:19.712605,1494526.1947816717,0.48450682203211354,0.4887433983173144,0.38263101033167246
450,2026-04-17T17:42:26.376759,1378471.6960241883,0.40397560064695076,0.4065580630224263,0.359376630787949
451,2026-04-17T17:42:27.950882,1369054.6023416051,0.39413702083063384,0.40452891652801626,0.36124772410780726
452,2026-04-17T17:42:34.845929,2488223.918358619,0.9868027197618331,1.0456775384033377,0.3030584668883059
453,2026-04-17T17:42:36.244822,2488223.918358619,0.9868027197618331,1.0456775384033377,0.3030584668883059
454,2026-04-17T17:42:37.700266,2488223.918358619,0.9868027197618331,1.0456775384033377,0.3030584668883059
455,2026-04-17T17:42:39.113456,2488223.918358619,0.9868027197618331,1.0456775384033377,0.3030584668883059
456,2026-04-17T17:42:40.503384,2488223.918358619,0.9868027197618331,1.0456775384033377,0.3030584668883059
457,2026-04-17T17:42:41.902254,1433585.1368699404,0.4411799952045612,0.44964849325596523,0.36044930315779505
458,2026-04-17T17:42:48.637939,1498175.3213377225,0.48626644716075207,0.492341959756826,0.31316177369867265
459,2026-04-17T17:42:54.920161,1421963.6260251552,0.43191145277690335,0.4436503434519241,0.3395557537959391
460,2026-04-17T17:42:56.777493,2545770.2020682185,1.0098881033155798,1.0686681445794266,0.3039679347094171
461,2026-04-17T17:42:58.224397,2545770.2020682185,1.0098881033155798,1.0686681445794266,0.3039679347094171
462,2026-04-17T17:42:59.580471,2545770.2020682185,1.0098881033155798,1.0686681445794266,0.3039679347094171
463,2026-04-17T17:43:00.963503,2545770.2020682185,1.0098881033155798,1.0686681445794266,0.3039679347094171
464,2026-04-17T17:43:02.355451,2545770.2020682185,1.0098881033155798,1.0686681445794266,0.3039679347094171
465,2026-04-17T17:43:08.829235,1342056.30253861,0.37662582151737994,0.38035266765042935,0.36543917247522495
466,2026-04-17T17:43:15.152184,1489328.9667749838,0.480525711451489,0.48612517770093866,0.35559113592238756
467,2026-04-17T17:43:16.518058,1457371.8206010521,0.45884526529306957,0.4646652623462165,0.33456631942633397
468,2026-04-17T17:43:23.753046,2542159.087008878,1.0086126616806639,1.0663327831925913,0.30782297374231327
469,2026-04-17T17:43:25.254673,2542159.087008878,1.0086126616806639,1.0663327831925913,0.30782297374231327
470,2026-04-17T17:43:26.679726,2542159.087008878,1.0086126616806639,1.0663327831925913,0.30782297374231327
471,2026-04-17T17:43:28.074923,2542159.087008878,1.0086126616806639,1.0663327831925913,0.30782297374231327
472,2026-04-17T17:43:29.462945,2542159.087008878,1.0086126616806639,1.0663327831925913,0.30782297374231327
473,2026-04-17T17:43:30.872324,1302413.0660030781,0.34589472850996006,0.3508895500286516,0.30979881205747595
474,2026-04-17T17:43:37.240343,1335750.9331752937,0.3700241432806188,0.37859842280080575,0.3414498485981925
475,2026-04-17T17:43:43.789780,1310229.9770617406,0.35123788209124507,0.35808125390543205,0.32102129025732595
476,2026-04-17T17:43:45.690704,2568430.3760950915,1.0192517699582844,1.075041512124111,0.30697734304257973
477,2026-04-17T17:43:47.130899,2568430.3760950915,1.0192517699582844,1.075041512124111,0.30697734304257973
478,2026-04-17T17:43:48.482969,2568430.3760950915,1.0192517699582844,1.075041512124111,0.30697734304257973
479,2026-04-17T17:43:49.883364,2568430.3760950915,1.0192517699582844,1.075041512124111,0.30697734304257973
480,2026-04-17T17:43:51.365831,2568430.3760950915,1.0192517699582844,1.075041512124111,0.30697734304257973
